ISO-10303-21;
HEADER;
/* Generated by software containing ST-Developer
 * from STEP Tools, Inc. (www.steptools.com) 
 */

FILE_DESCRIPTION(
/* description */ (''),
/* implementation_level */ '2;1');

FILE_NAME(
/* name */ '/Users/johherbe/Downloads/ZodiacFX Case v17.step',
/* time_stamp */ '2021-02-17T13:29:53-05:00',
/* author */ (''),
/* organization */ (''),
/* preprocessor_version */ 'ST-DEVELOPER v18.1',
/* originating_system */ 'Autodesk Translation Framework v9.7.0.1280',
/* authorisation */ '');

FILE_SCHEMA (('AUTOMOTIVE_DESIGN { 1 0 10303 214 3 1 1 }'));
ENDSEC;

DATA;
#10=MECHANICAL_DESIGN_GEOMETRIC_PRESENTATION_REPRESENTATION('',(#15,#16),
#2862);
#11=SHAPE_REPRESENTATION_RELATIONSHIP('SRR','None',#2869,#12);
#12=ADVANCED_BREP_SHAPE_REPRESENTATION('',(#17,#18),#2861);
#13=FACE_BOUND('',#156,.T.);
#14=FACE_BOUND('',#175,.T.);
#15=STYLED_ITEM('',(#2878),#17);
#16=STYLED_ITEM('',(#2878),#18);
#17=MANIFOLD_SOLID_BREP('BASE',#1809);
#18=MANIFOLD_SOLID_BREP('TOP',#1810);
#19=FACE_OUTER_BOUND('',#109,.T.);
#20=FACE_OUTER_BOUND('',#110,.T.);
#21=FACE_OUTER_BOUND('',#111,.T.);
#22=FACE_OUTER_BOUND('',#112,.T.);
#23=FACE_OUTER_BOUND('',#113,.T.);
#24=FACE_OUTER_BOUND('',#114,.T.);
#25=FACE_OUTER_BOUND('',#115,.T.);
#26=FACE_OUTER_BOUND('',#116,.T.);
#27=FACE_OUTER_BOUND('',#117,.T.);
#28=FACE_OUTER_BOUND('',#118,.T.);
#29=FACE_OUTER_BOUND('',#119,.T.);
#30=FACE_OUTER_BOUND('',#120,.T.);
#31=FACE_OUTER_BOUND('',#121,.T.);
#32=FACE_OUTER_BOUND('',#122,.T.);
#33=FACE_OUTER_BOUND('',#123,.T.);
#34=FACE_OUTER_BOUND('',#124,.T.);
#35=FACE_OUTER_BOUND('',#125,.T.);
#36=FACE_OUTER_BOUND('',#126,.T.);
#37=FACE_OUTER_BOUND('',#127,.T.);
#38=FACE_OUTER_BOUND('',#128,.T.);
#39=FACE_OUTER_BOUND('',#129,.T.);
#40=FACE_OUTER_BOUND('',#130,.T.);
#41=FACE_OUTER_BOUND('',#131,.T.);
#42=FACE_OUTER_BOUND('',#132,.T.);
#43=FACE_OUTER_BOUND('',#133,.T.);
#44=FACE_OUTER_BOUND('',#134,.T.);
#45=FACE_OUTER_BOUND('',#135,.T.);
#46=FACE_OUTER_BOUND('',#136,.T.);
#47=FACE_OUTER_BOUND('',#137,.T.);
#48=FACE_OUTER_BOUND('',#138,.T.);
#49=FACE_OUTER_BOUND('',#139,.T.);
#50=FACE_OUTER_BOUND('',#140,.T.);
#51=FACE_OUTER_BOUND('',#141,.T.);
#52=FACE_OUTER_BOUND('',#142,.T.);
#53=FACE_OUTER_BOUND('',#143,.T.);
#54=FACE_OUTER_BOUND('',#144,.T.);
#55=FACE_OUTER_BOUND('',#145,.T.);
#56=FACE_OUTER_BOUND('',#146,.T.);
#57=FACE_OUTER_BOUND('',#147,.T.);
#58=FACE_OUTER_BOUND('',#148,.T.);
#59=FACE_OUTER_BOUND('',#149,.T.);
#60=FACE_OUTER_BOUND('',#150,.T.);
#61=FACE_OUTER_BOUND('',#151,.T.);
#62=FACE_OUTER_BOUND('',#152,.T.);
#63=FACE_OUTER_BOUND('',#153,.T.);
#64=FACE_OUTER_BOUND('',#154,.T.);
#65=FACE_OUTER_BOUND('',#155,.T.);
#66=FACE_OUTER_BOUND('',#157,.T.);
#67=FACE_OUTER_BOUND('',#158,.T.);
#68=FACE_OUTER_BOUND('',#159,.T.);
#69=FACE_OUTER_BOUND('',#160,.T.);
#70=FACE_OUTER_BOUND('',#161,.T.);
#71=FACE_OUTER_BOUND('',#162,.T.);
#72=FACE_OUTER_BOUND('',#163,.T.);
#73=FACE_OUTER_BOUND('',#164,.T.);
#74=FACE_OUTER_BOUND('',#165,.T.);
#75=FACE_OUTER_BOUND('',#166,.T.);
#76=FACE_OUTER_BOUND('',#167,.T.);
#77=FACE_OUTER_BOUND('',#168,.T.);
#78=FACE_OUTER_BOUND('',#169,.T.);
#79=FACE_OUTER_BOUND('',#170,.T.);
#80=FACE_OUTER_BOUND('',#171,.T.);
#81=FACE_OUTER_BOUND('',#172,.T.);
#82=FACE_OUTER_BOUND('',#173,.T.);
#83=FACE_OUTER_BOUND('',#174,.T.);
#84=FACE_OUTER_BOUND('',#176,.T.);
#85=FACE_OUTER_BOUND('',#177,.T.);
#86=FACE_OUTER_BOUND('',#178,.T.);
#87=FACE_OUTER_BOUND('',#179,.T.);
#88=FACE_OUTER_BOUND('',#180,.T.);
#89=FACE_OUTER_BOUND('',#181,.T.);
#90=FACE_OUTER_BOUND('',#182,.T.);
#91=FACE_OUTER_BOUND('',#183,.T.);
#92=FACE_OUTER_BOUND('',#184,.T.);
#93=FACE_OUTER_BOUND('',#185,.T.);
#94=FACE_OUTER_BOUND('',#186,.T.);
#95=FACE_OUTER_BOUND('',#187,.T.);
#96=FACE_OUTER_BOUND('',#188,.T.);
#97=FACE_OUTER_BOUND('',#189,.T.);
#98=FACE_OUTER_BOUND('',#190,.T.);
#99=FACE_OUTER_BOUND('',#191,.T.);
#100=FACE_OUTER_BOUND('',#192,.T.);
#101=FACE_OUTER_BOUND('',#193,.T.);
#102=FACE_OUTER_BOUND('',#194,.T.);
#103=FACE_OUTER_BOUND('',#195,.T.);
#104=FACE_OUTER_BOUND('',#196,.T.);
#105=FACE_OUTER_BOUND('',#197,.T.);
#106=FACE_OUTER_BOUND('',#198,.T.);
#107=FACE_OUTER_BOUND('',#199,.T.);
#108=FACE_OUTER_BOUND('',#200,.T.);
#109=EDGE_LOOP('',(#1125,#1126,#1127,#1128));
#110=EDGE_LOOP('',(#1129,#1130,#1131,#1132));
#111=EDGE_LOOP('',(#1133,#1134,#1135,#1136));
#112=EDGE_LOOP('',(#1137,#1138,#1139,#1140));
#113=EDGE_LOOP('',(#1141,#1142,#1143,#1144));
#114=EDGE_LOOP('',(#1145,#1146,#1147,#1148,#1149,#1150));
#115=EDGE_LOOP('',(#1151,#1152,#1153,#1154,#1155,#1156,#1157,#1158,#1159,
#1160,#1161,#1162));
#116=EDGE_LOOP('',(#1163,#1164,#1165,#1166,#1167,#1168));
#117=EDGE_LOOP('',(#1169,#1170,#1171,#1172));
#118=EDGE_LOOP('',(#1173,#1174,#1175,#1176));
#119=EDGE_LOOP('',(#1177,#1178,#1179,#1180,#1181,#1182));
#120=EDGE_LOOP('',(#1183,#1184,#1185,#1186,#1187,#1188));
#121=EDGE_LOOP('',(#1189,#1190,#1191,#1192));
#122=EDGE_LOOP('',(#1193,#1194,#1195,#1196));
#123=EDGE_LOOP('',(#1197,#1198,#1199,#1200));
#124=EDGE_LOOP('',(#1201,#1202,#1203,#1204));
#125=EDGE_LOOP('',(#1205,#1206,#1207,#1208));
#126=EDGE_LOOP('',(#1209,#1210,#1211,#1212,#1213,#1214,#1215,#1216));
#127=EDGE_LOOP('',(#1217,#1218,#1219,#1220));
#128=EDGE_LOOP('',(#1221,#1222,#1223,#1224));
#129=EDGE_LOOP('',(#1225,#1226,#1227,#1228));
#130=EDGE_LOOP('',(#1229,#1230,#1231,#1232,#1233,#1234,#1235,#1236,#1237,
#1238,#1239,#1240,#1241,#1242,#1243,#1244,#1245,#1246,#1247,#1248));
#131=EDGE_LOOP('',(#1249,#1250,#1251,#1252,#1253,#1254,#1255,#1256));
#132=EDGE_LOOP('',(#1257,#1258,#1259,#1260));
#133=EDGE_LOOP('',(#1261,#1262,#1263,#1264));
#134=EDGE_LOOP('',(#1265,#1266,#1267,#1268));
#135=EDGE_LOOP('',(#1269,#1270,#1271,#1272));
#136=EDGE_LOOP('',(#1273,#1274,#1275,#1276,#1277,#1278));
#137=EDGE_LOOP('',(#1279,#1280,#1281,#1282));
#138=EDGE_LOOP('',(#1283,#1284,#1285,#1286));
#139=EDGE_LOOP('',(#1287,#1288,#1289,#1290));
#140=EDGE_LOOP('',(#1291,#1292,#1293,#1294));
#141=EDGE_LOOP('',(#1295,#1296,#1297,#1298));
#142=EDGE_LOOP('',(#1299,#1300,#1301,#1302,#1303,#1304));
#143=EDGE_LOOP('',(#1305,#1306,#1307,#1308,#1309,#1310,#1311,#1312,#1313,
#1314,#1315,#1316));
#144=EDGE_LOOP('',(#1317,#1318,#1319,#1320,#1321,#1322,#1323,#1324));
#145=EDGE_LOOP('',(#1325,#1326,#1327,#1328));
#146=EDGE_LOOP('',(#1329,#1330,#1331,#1332));
#147=EDGE_LOOP('',(#1333,#1334,#1335,#1336));
#148=EDGE_LOOP('',(#1337,#1338,#1339,#1340));
#149=EDGE_LOOP('',(#1341,#1342,#1343,#1344,#1345,#1346,#1347,#1348,#1349,
#1350,#1351,#1352,#1353,#1354,#1355,#1356,#1357,#1358,#1359,#1360,#1361,
#1362,#1363,#1364,#1365,#1366,#1367,#1368));
#150=EDGE_LOOP('',(#1369,#1370,#1371,#1372,#1373,#1374,#1375,#1376,#1377,
#1378,#1379,#1380));
#151=EDGE_LOOP('',(#1381,#1382,#1383,#1384));
#152=EDGE_LOOP('',(#1385,#1386,#1387,#1388));
#153=EDGE_LOOP('',(#1389,#1390,#1391,#1392));
#154=EDGE_LOOP('',(#1393,#1394,#1395,#1396,#1397,#1398,#1399,#1400,#1401,
#1402,#1403,#1404));
#155=EDGE_LOOP('',(#1405,#1406,#1407,#1408,#1409,#1410,#1411,#1412));
#156=EDGE_LOOP('',(#1413,#1414,#1415,#1416));
#157=EDGE_LOOP('',(#1417,#1418,#1419,#1420));
#158=EDGE_LOOP('',(#1421,#1422,#1423,#1424));
#159=EDGE_LOOP('',(#1425,#1426,#1427,#1428));
#160=EDGE_LOOP('',(#1429,#1430,#1431,#1432));
#161=EDGE_LOOP('',(#1433,#1434,#1435,#1436));
#162=EDGE_LOOP('',(#1437,#1438,#1439,#1440));
#163=EDGE_LOOP('',(#1441,#1442,#1443,#1444));
#164=EDGE_LOOP('',(#1445,#1446,#1447,#1448));
#165=EDGE_LOOP('',(#1449,#1450,#1451,#1452));
#166=EDGE_LOOP('',(#1453,#1454,#1455,#1456,#1457,#1458,#1459,#1460,#1461,
#1462,#1463,#1464));
#167=EDGE_LOOP('',(#1465,#1466,#1467,#1468));
#168=EDGE_LOOP('',(#1469,#1470,#1471,#1472));
#169=EDGE_LOOP('',(#1473,#1474,#1475,#1476));
#170=EDGE_LOOP('',(#1477,#1478,#1479,#1480));
#171=EDGE_LOOP('',(#1481,#1482,#1483,#1484));
#172=EDGE_LOOP('',(#1485,#1486,#1487,#1488));
#173=EDGE_LOOP('',(#1489,#1490,#1491,#1492));
#174=EDGE_LOOP('',(#1493,#1494,#1495,#1496,#1497,#1498,#1499,#1500));
#175=EDGE_LOOP('',(#1501,#1502,#1503,#1504));
#176=EDGE_LOOP('',(#1505,#1506,#1507,#1508));
#177=EDGE_LOOP('',(#1509,#1510,#1511,#1512));
#178=EDGE_LOOP('',(#1513,#1514,#1515,#1516));
#179=EDGE_LOOP('',(#1517,#1518,#1519,#1520));
#180=EDGE_LOOP('',(#1521,#1522,#1523,#1524));
#181=EDGE_LOOP('',(#1525,#1526,#1527,#1528));
#182=EDGE_LOOP('',(#1529,#1530,#1531,#1532));
#183=EDGE_LOOP('',(#1533,#1534,#1535,#1536));
#184=EDGE_LOOP('',(#1537,#1538,#1539,#1540));
#185=EDGE_LOOP('',(#1541,#1542,#1543,#1544));
#186=EDGE_LOOP('',(#1545,#1546,#1547,#1548));
#187=EDGE_LOOP('',(#1549,#1550,#1551,#1552));
#188=EDGE_LOOP('',(#1553,#1554,#1555,#1556,#1557,#1558,#1559,#1560));
#189=EDGE_LOOP('',(#1561,#1562,#1563,#1564));
#190=EDGE_LOOP('',(#1565,#1566,#1567,#1568));
#191=EDGE_LOOP('',(#1569,#1570,#1571,#1572));
#192=EDGE_LOOP('',(#1573,#1574,#1575,#1576));
#193=EDGE_LOOP('',(#1577,#1578,#1579,#1580,#1581,#1582,#1583,#1584,#1585,
#1586,#1587,#1588,#1589,#1590,#1591,#1592,#1593,#1594,#1595,#1596));
#194=EDGE_LOOP('',(#1597,#1598,#1599,#1600));
#195=EDGE_LOOP('',(#1601,#1602,#1603,#1604,#1605,#1606));
#196=EDGE_LOOP('',(#1607,#1608,#1609,#1610));
#197=EDGE_LOOP('',(#1611,#1612,#1613,#1614));
#198=EDGE_LOOP('',(#1615,#1616,#1617,#1618));
#199=EDGE_LOOP('',(#1619,#1620,#1621,#1622));
#200=EDGE_LOOP('',(#1623,#1624,#1625,#1626,#1627,#1628));
#201=LINE('',#2352,#453);
#202=LINE('',#2354,#454);
#203=LINE('',#2356,#455);
#204=LINE('',#2357,#456);
#205=LINE('',#2360,#457);
#206=LINE('',#2362,#458);
#207=LINE('',#2363,#459);
#208=LINE('',#2366,#460);
#209=LINE('',#2368,#461);
#210=LINE('',#2369,#462);
#211=LINE('',#2373,#463);
#212=LINE('',#2375,#464);
#213=LINE('',#2377,#465);
#214=LINE('',#2378,#466);
#215=LINE('',#2381,#467);
#216=LINE('',#2383,#468);
#217=LINE('',#2384,#469);
#218=LINE('',#2388,#470);
#219=LINE('',#2390,#471);
#220=LINE('',#2391,#472);
#221=LINE('',#2392,#473);
#222=LINE('',#2395,#474);
#223=LINE('',#2397,#475);
#224=LINE('',#2399,#476);
#225=LINE('',#2400,#477);
#226=LINE('',#2402,#478);
#227=LINE('',#2404,#479);
#228=LINE('',#2406,#480);
#229=LINE('',#2408,#481);
#230=LINE('',#2409,#482);
#231=LINE('',#2412,#483);
#232=LINE('',#2414,#484);
#233=LINE('',#2415,#485);
#234=LINE('',#2417,#486);
#235=LINE('',#2420,#487);
#236=LINE('',#2421,#488);
#237=LINE('',#2424,#489);
#238=LINE('',#2425,#490);
#239=LINE('',#2428,#491);
#240=LINE('',#2429,#492);
#241=LINE('',#2432,#493);
#242=LINE('',#2433,#494);
#243=LINE('',#2437,#495);
#244=LINE('',#2439,#496);
#245=LINE('',#2441,#497);
#246=LINE('',#2442,#498);
#247=LINE('',#2445,#499);
#248=LINE('',#2447,#500);
#249=LINE('',#2448,#501);
#250=LINE('',#2452,#502);
#251=LINE('',#2454,#503);
#252=LINE('',#2456,#504);
#253=LINE('',#2457,#505);
#254=LINE('',#2460,#506);
#255=LINE('',#2462,#507);
#256=LINE('',#2463,#508);
#257=LINE('',#2465,#509);
#258=LINE('',#2467,#510);
#259=LINE('',#2469,#511);
#260=LINE('',#2470,#512);
#261=LINE('',#2473,#513);
#262=LINE('',#2474,#514);
#263=LINE('',#2477,#515);
#264=LINE('',#2478,#516);
#265=LINE('',#2480,#517);
#266=LINE('',#2483,#518);
#267=LINE('',#2484,#519);
#268=LINE('',#2485,#520);
#269=LINE('',#2487,#521);
#270=LINE('',#2488,#522);
#271=LINE('',#2490,#523);
#272=LINE('',#2492,#524);
#273=LINE('',#2498,#525);
#274=LINE('',#2500,#526);
#275=LINE('',#2502,#527);
#276=LINE('',#2503,#528);
#277=LINE('',#2507,#529);
#278=LINE('',#2509,#530);
#279=LINE('',#2511,#531);
#280=LINE('',#2513,#532);
#281=LINE('',#2515,#533);
#282=LINE('',#2516,#534);
#283=LINE('',#2519,#535);
#284=LINE('',#2521,#536);
#285=LINE('',#2522,#537);
#286=LINE('',#2525,#538);
#287=LINE('',#2527,#539);
#288=LINE('',#2528,#540);
#289=LINE('',#2531,#541);
#290=LINE('',#2532,#542);
#291=LINE('',#2535,#543);
#292=LINE('',#2536,#544);
#293=LINE('',#2538,#545);
#294=LINE('',#2540,#546);
#295=LINE('',#2544,#547);
#296=LINE('',#2546,#548);
#297=LINE('',#2548,#549);
#298=LINE('',#2550,#550);
#299=LINE('',#2552,#551);
#300=LINE('',#2554,#552);
#301=LINE('',#2556,#553);
#302=LINE('',#2558,#554);
#303=LINE('',#2560,#555);
#304=LINE('',#2562,#556);
#305=LINE('',#2564,#557);
#306=LINE('',#2565,#558);
#307=LINE('',#2569,#559);
#308=LINE('',#2571,#560);
#309=LINE('',#2573,#561);
#310=LINE('',#2575,#562);
#311=LINE('',#2577,#563);
#312=LINE('',#2579,#564);
#313=LINE('',#2581,#565);
#314=LINE('',#2582,#566);
#315=LINE('',#2586,#567);
#316=LINE('',#2588,#568);
#317=LINE('',#2590,#569);
#318=LINE('',#2591,#570);
#319=LINE('',#2595,#571);
#320=LINE('',#2597,#572);
#321=LINE('',#2599,#573);
#322=LINE('',#2600,#574);
#323=LINE('',#2602,#575);
#324=LINE('',#2603,#576);
#325=LINE('',#2605,#577);
#326=LINE('',#2608,#578);
#327=LINE('',#2610,#579);
#328=LINE('',#2612,#580);
#329=LINE('',#2614,#581);
#330=LINE('',#2616,#582);
#331=LINE('',#2618,#583);
#332=LINE('',#2620,#584);
#333=LINE('',#2622,#585);
#334=LINE('',#2623,#586);
#335=LINE('',#2625,#587);
#336=LINE('',#2627,#588);
#337=LINE('',#2629,#589);
#338=LINE('',#2631,#590);
#339=LINE('',#2633,#591);
#340=LINE('',#2635,#592);
#341=LINE('',#2637,#593);
#342=LINE('',#2639,#594);
#343=LINE('',#2641,#595);
#344=LINE('',#2643,#596);
#345=LINE('',#2644,#597);
#346=LINE('',#2646,#598);
#347=LINE('',#2648,#599);
#348=LINE('',#2649,#600);
#349=LINE('',#2652,#601);
#350=LINE('',#2654,#602);
#351=LINE('',#2655,#603);
#352=LINE('',#2657,#604);
#353=LINE('',#2659,#605);
#354=LINE('',#2661,#606);
#355=LINE('',#2662,#607);
#356=LINE('',#2665,#608);
#357=LINE('',#2667,#609);
#358=LINE('',#2668,#610);
#359=LINE('',#2670,#611);
#360=LINE('',#2672,#612);
#361=LINE('',#2675,#613);
#362=LINE('',#2677,#614);
#363=LINE('',#2679,#615);
#364=LINE('',#2681,#616);
#365=LINE('',#2683,#617);
#366=LINE('',#2685,#618);
#367=LINE('',#2687,#619);
#368=LINE('',#2688,#620);
#369=LINE('',#2691,#621);
#370=LINE('',#2693,#622);
#371=LINE('',#2695,#623);
#372=LINE('',#2697,#624);
#373=LINE('',#2698,#625);
#374=LINE('',#2699,#626);
#375=LINE('',#2702,#627);
#376=LINE('',#2704,#628);
#377=LINE('',#2706,#629);
#378=LINE('',#2707,#630);
#379=LINE('',#2710,#631);
#380=LINE('',#2711,#632);
#381=LINE('',#2714,#633);
#382=LINE('',#2715,#634);
#383=LINE('',#2719,#635);
#384=LINE('',#2720,#636);
#385=LINE('',#2721,#637);
#386=LINE('',#2723,#638);
#387=LINE('',#2725,#639);
#388=LINE('',#2729,#640);
#389=LINE('',#2731,#641);
#390=LINE('',#2732,#642);
#391=LINE('',#2734,#643);
#392=LINE('',#2735,#644);
#393=LINE('',#2739,#645);
#394=LINE('',#2741,#646);
#395=LINE('',#2742,#647);
#396=LINE('',#2744,#648);
#397=LINE('',#2745,#649);
#398=LINE('',#2748,#650);
#399=LINE('',#2749,#651);
#400=LINE('',#2751,#652);
#401=LINE('',#2754,#653);
#402=LINE('',#2755,#654);
#403=LINE('',#2760,#655);
#404=LINE('',#2762,#656);
#405=LINE('',#2763,#657);
#406=LINE('',#2766,#658);
#407=LINE('',#2768,#659);
#408=LINE('',#2770,#660);
#409=LINE('',#2772,#661);
#410=LINE('',#2773,#662);
#411=LINE('',#2775,#663);
#412=LINE('',#2778,#664);
#413=LINE('',#2780,#665);
#414=LINE('',#2781,#666);
#415=LINE('',#2783,#667);
#416=LINE('',#2786,#668);
#417=LINE('',#2787,#669);
#418=LINE('',#2790,#670);
#419=LINE('',#2791,#671);
#420=LINE('',#2793,#672);
#421=LINE('',#2796,#673);
#422=LINE('',#2797,#674);
#423=LINE('',#2800,#675);
#424=LINE('',#2801,#676);
#425=LINE('',#2804,#677);
#426=LINE('',#2805,#678);
#427=LINE('',#2808,#679);
#428=LINE('',#2809,#680);
#429=LINE('',#2811,#681);
#430=LINE('',#2813,#682);
#431=LINE('',#2814,#683);
#432=LINE('',#2816,#684);
#433=LINE('',#2818,#685);
#434=LINE('',#2821,#686);
#435=LINE('',#2822,#687);
#436=LINE('',#2825,#688);
#437=LINE('',#2826,#689);
#438=LINE('',#2828,#690);
#439=LINE('',#2832,#691);
#440=LINE('',#2834,#692);
#441=LINE('',#2835,#693);
#442=LINE('',#2838,#694);
#443=LINE('',#2840,#695);
#444=LINE('',#2842,#696);
#445=LINE('',#2843,#697);
#446=LINE('',#2846,#698);
#447=LINE('',#2848,#699);
#448=LINE('',#2849,#700);
#449=LINE('',#2851,#701);
#450=LINE('',#2854,#702);
#451=LINE('',#2855,#703);
#452=LINE('',#2857,#704);
#453=VECTOR('',#1918,10.);
#454=VECTOR('',#1919,10.);
#455=VECTOR('',#1920,10.);
#456=VECTOR('',#1921,10.);
#457=VECTOR('',#1924,10.);
#458=VECTOR('',#1925,10.);
#459=VECTOR('',#1926,10.);
#460=VECTOR('',#1929,10.);
#461=VECTOR('',#1930,10.);
#462=VECTOR('',#1931,10.);
#463=VECTOR('',#1934,10.);
#464=VECTOR('',#1935,10.);
#465=VECTOR('',#1936,10.);
#466=VECTOR('',#1937,10.);
#467=VECTOR('',#1940,10.);
#468=VECTOR('',#1941,10.);
#469=VECTOR('',#1942,10.);
#470=VECTOR('',#1945,10.);
#471=VECTOR('',#1946,10.);
#472=VECTOR('',#1947,10.);
#473=VECTOR('',#1948,10.);
#474=VECTOR('',#1951,10.);
#475=VECTOR('',#1952,10.);
#476=VECTOR('',#1953,10.);
#477=VECTOR('',#1954,10.);
#478=VECTOR('',#1955,10.);
#479=VECTOR('',#1956,10.);
#480=VECTOR('',#1957,10.);
#481=VECTOR('',#1958,10.);
#482=VECTOR('',#1959,10.);
#483=VECTOR('',#1962,10.);
#484=VECTOR('',#1963,10.);
#485=VECTOR('',#1964,10.);
#486=VECTOR('',#1967,10.);
#487=VECTOR('',#1970,10.);
#488=VECTOR('',#1971,10.);
#489=VECTOR('',#1974,10.);
#490=VECTOR('',#1975,10.);
#491=VECTOR('',#1978,10.);
#492=VECTOR('',#1979,10.);
#493=VECTOR('',#1982,10.);
#494=VECTOR('',#1983,10.);
#495=VECTOR('',#1986,10.);
#496=VECTOR('',#1987,10.);
#497=VECTOR('',#1988,10.);
#498=VECTOR('',#1989,10.);
#499=VECTOR('',#1992,10.);
#500=VECTOR('',#1993,10.);
#501=VECTOR('',#1994,10.);
#502=VECTOR('',#1997,10.);
#503=VECTOR('',#1998,10.);
#504=VECTOR('',#1999,10.);
#505=VECTOR('',#2000,10.);
#506=VECTOR('',#2003,10.);
#507=VECTOR('',#2004,10.);
#508=VECTOR('',#2005,10.);
#509=VECTOR('',#2008,10.);
#510=VECTOR('',#2009,10.);
#511=VECTOR('',#2010,10.);
#512=VECTOR('',#2011,10.);
#513=VECTOR('',#2014,10.);
#514=VECTOR('',#2015,10.);
#515=VECTOR('',#2018,10.);
#516=VECTOR('',#2019,10.);
#517=VECTOR('',#2022,10.);
#518=VECTOR('',#2025,10.);
#519=VECTOR('',#2026,10.);
#520=VECTOR('',#2027,10.);
#521=VECTOR('',#2028,10.);
#522=VECTOR('',#2029,10.);
#523=VECTOR('',#2032,10.);
#524=VECTOR('',#2035,10.);
#525=VECTOR('',#2042,10.);
#526=VECTOR('',#2043,10.);
#527=VECTOR('',#2044,10.);
#528=VECTOR('',#2045,10.);
#529=VECTOR('',#2048,10.);
#530=VECTOR('',#2049,10.);
#531=VECTOR('',#2050,10.);
#532=VECTOR('',#2051,10.);
#533=VECTOR('',#2052,10.);
#534=VECTOR('',#2053,10.);
#535=VECTOR('',#2056,10.);
#536=VECTOR('',#2057,10.);
#537=VECTOR('',#2058,10.);
#538=VECTOR('',#2061,10.);
#539=VECTOR('',#2062,10.);
#540=VECTOR('',#2063,10.);
#541=VECTOR('',#2066,10.);
#542=VECTOR('',#2067,10.);
#543=VECTOR('',#2070,10.);
#544=VECTOR('',#2071,10.);
#545=VECTOR('',#2074,10.);
#546=VECTOR('',#2077,10.);
#547=VECTOR('',#2080,10.);
#548=VECTOR('',#2081,10.);
#549=VECTOR('',#2082,10.);
#550=VECTOR('',#2083,10.);
#551=VECTOR('',#2084,10.);
#552=VECTOR('',#2085,10.);
#553=VECTOR('',#2086,10.);
#554=VECTOR('',#2087,10.);
#555=VECTOR('',#2088,10.);
#556=VECTOR('',#2089,10.);
#557=VECTOR('',#2090,10.);
#558=VECTOR('',#2091,10.);
#559=VECTOR('',#2094,10.);
#560=VECTOR('',#2095,10.);
#561=VECTOR('',#2096,10.);
#562=VECTOR('',#2097,10.);
#563=VECTOR('',#2098,10.);
#564=VECTOR('',#2099,10.);
#565=VECTOR('',#2100,10.);
#566=VECTOR('',#2101,10.);
#567=VECTOR('',#2104,10.);
#568=VECTOR('',#2105,10.);
#569=VECTOR('',#2106,10.);
#570=VECTOR('',#2107,10.);
#571=VECTOR('',#2110,10.);
#572=VECTOR('',#2111,10.);
#573=VECTOR('',#2112,10.);
#574=VECTOR('',#2113,10.);
#575=VECTOR('',#2116,10.);
#576=VECTOR('',#2117,10.);
#577=VECTOR('',#2120,10.);
#578=VECTOR('',#2123,10.);
#579=VECTOR('',#2124,10.);
#580=VECTOR('',#2125,10.);
#581=VECTOR('',#2126,10.);
#582=VECTOR('',#2127,10.);
#583=VECTOR('',#2128,10.);
#584=VECTOR('',#2129,10.);
#585=VECTOR('',#2130,10.);
#586=VECTOR('',#2131,10.);
#587=VECTOR('',#2132,10.);
#588=VECTOR('',#2133,10.);
#589=VECTOR('',#2134,10.);
#590=VECTOR('',#2135,10.);
#591=VECTOR('',#2136,10.);
#592=VECTOR('',#2137,10.);
#593=VECTOR('',#2138,10.);
#594=VECTOR('',#2139,10.);
#595=VECTOR('',#2140,10.);
#596=VECTOR('',#2141,10.);
#597=VECTOR('',#2142,10.);
#598=VECTOR('',#2143,10.);
#599=VECTOR('',#2144,10.);
#600=VECTOR('',#2145,10.);
#601=VECTOR('',#2148,10.);
#602=VECTOR('',#2149,10.);
#603=VECTOR('',#2150,10.);
#604=VECTOR('',#2151,10.);
#605=VECTOR('',#2152,10.);
#606=VECTOR('',#2153,10.);
#607=VECTOR('',#2154,10.);
#608=VECTOR('',#2157,10.);
#609=VECTOR('',#2158,10.);
#610=VECTOR('',#2159,10.);
#611=VECTOR('',#2162,10.);
#612=VECTOR('',#2165,10.);
#613=VECTOR('',#2168,10.);
#614=VECTOR('',#2169,10.);
#615=VECTOR('',#2170,10.);
#616=VECTOR('',#2171,10.);
#617=VECTOR('',#2172,10.);
#618=VECTOR('',#2173,10.);
#619=VECTOR('',#2174,10.);
#620=VECTOR('',#2175,10.);
#621=VECTOR('',#2178,10.);
#622=VECTOR('',#2179,10.);
#623=VECTOR('',#2180,10.);
#624=VECTOR('',#2181,10.);
#625=VECTOR('',#2182,10.);
#626=VECTOR('',#2183,10.);
#627=VECTOR('',#2184,10.);
#628=VECTOR('',#2185,10.);
#629=VECTOR('',#2186,10.);
#630=VECTOR('',#2187,10.);
#631=VECTOR('',#2190,10.);
#632=VECTOR('',#2191,10.);
#633=VECTOR('',#2194,10.);
#634=VECTOR('',#2195,10.);
#635=VECTOR('',#2198,10.);
#636=VECTOR('',#2199,10.);
#637=VECTOR('',#2200,10.);
#638=VECTOR('',#2203,10.);
#639=VECTOR('',#2206,10.);
#640=VECTOR('',#2211,10.);
#641=VECTOR('',#2212,10.);
#642=VECTOR('',#2213,10.);
#643=VECTOR('',#2216,10.);
#644=VECTOR('',#2217,10.);
#645=VECTOR('',#2222,10.);
#646=VECTOR('',#2223,10.);
#647=VECTOR('',#2224,10.);
#648=VECTOR('',#2225,10.);
#649=VECTOR('',#2226,10.);
#650=VECTOR('',#2229,10.);
#651=VECTOR('',#2230,10.);
#652=VECTOR('',#2233,10.);
#653=VECTOR('',#2238,10.);
#654=VECTOR('',#2239,10.);
#655=VECTOR('',#2246,10.);
#656=VECTOR('',#2247,10.);
#657=VECTOR('',#2248,10.);
#658=VECTOR('',#2251,10.);
#659=VECTOR('',#2252,10.);
#660=VECTOR('',#2253,10.);
#661=VECTOR('',#2254,10.);
#662=VECTOR('',#2255,10.);
#663=VECTOR('',#2258,10.);
#664=VECTOR('',#2261,10.);
#665=VECTOR('',#2262,10.);
#666=VECTOR('',#2263,10.);
#667=VECTOR('',#2266,10.);
#668=VECTOR('',#2269,10.);
#669=VECTOR('',#2270,10.);
#670=VECTOR('',#2273,10.);
#671=VECTOR('',#2274,10.);
#672=VECTOR('',#2277,10.);
#673=VECTOR('',#2280,10.);
#674=VECTOR('',#2281,10.);
#675=VECTOR('',#2284,10.);
#676=VECTOR('',#2285,10.);
#677=VECTOR('',#2288,10.);
#678=VECTOR('',#2289,10.);
#679=VECTOR('',#2292,10.);
#680=VECTOR('',#2293,10.);
#681=VECTOR('',#2296,10.);
#682=VECTOR('',#2299,10.);
#683=VECTOR('',#2300,10.);
#684=VECTOR('',#2303,10.);
#685=VECTOR('',#2306,10.);
#686=VECTOR('',#2309,10.);
#687=VECTOR('',#2310,10.);
#688=VECTOR('',#2313,10.);
#689=VECTOR('',#2314,10.);
#690=VECTOR('',#2317,10.);
#691=VECTOR('',#2322,10.);
#692=VECTOR('',#2323,10.);
#693=VECTOR('',#2324,10.);
#694=VECTOR('',#2327,10.);
#695=VECTOR('',#2328,10.);
#696=VECTOR('',#2329,10.);
#697=VECTOR('',#2330,10.);
#698=VECTOR('',#2333,10.);
#699=VECTOR('',#2334,10.);
#700=VECTOR('',#2335,10.);
#701=VECTOR('',#2338,10.);
#702=VECTOR('',#2341,10.);
#703=VECTOR('',#2342,10.);
#704=VECTOR('',#2345,10.);
#705=VERTEX_POINT('',#2350);
#706=VERTEX_POINT('',#2351);
#707=VERTEX_POINT('',#2353);
#708=VERTEX_POINT('',#2355);
#709=VERTEX_POINT('',#2359);
#710=VERTEX_POINT('',#2361);
#711=VERTEX_POINT('',#2365);
#712=VERTEX_POINT('',#2367);
#713=VERTEX_POINT('',#2371);
#714=VERTEX_POINT('',#2372);
#715=VERTEX_POINT('',#2374);
#716=VERTEX_POINT('',#2376);
#717=VERTEX_POINT('',#2380);
#718=VERTEX_POINT('',#2382);
#719=VERTEX_POINT('',#2386);
#720=VERTEX_POINT('',#2387);
#721=VERTEX_POINT('',#2389);
#722=VERTEX_POINT('',#2394);
#723=VERTEX_POINT('',#2396);
#724=VERTEX_POINT('',#2398);
#725=VERTEX_POINT('',#2401);
#726=VERTEX_POINT('',#2403);
#727=VERTEX_POINT('',#2405);
#728=VERTEX_POINT('',#2407);
#729=VERTEX_POINT('',#2411);
#730=VERTEX_POINT('',#2413);
#731=VERTEX_POINT('',#2419);
#732=VERTEX_POINT('',#2423);
#733=VERTEX_POINT('',#2427);
#734=VERTEX_POINT('',#2431);
#735=VERTEX_POINT('',#2435);
#736=VERTEX_POINT('',#2436);
#737=VERTEX_POINT('',#2438);
#738=VERTEX_POINT('',#2440);
#739=VERTEX_POINT('',#2444);
#740=VERTEX_POINT('',#2446);
#741=VERTEX_POINT('',#2450);
#742=VERTEX_POINT('',#2451);
#743=VERTEX_POINT('',#2453);
#744=VERTEX_POINT('',#2455);
#745=VERTEX_POINT('',#2459);
#746=VERTEX_POINT('',#2461);
#747=VERTEX_POINT('',#2466);
#748=VERTEX_POINT('',#2468);
#749=VERTEX_POINT('',#2472);
#750=VERTEX_POINT('',#2476);
#751=VERTEX_POINT('',#2482);
#752=VERTEX_POINT('',#2486);
#753=VERTEX_POINT('',#2496);
#754=VERTEX_POINT('',#2497);
#755=VERTEX_POINT('',#2499);
#756=VERTEX_POINT('',#2501);
#757=VERTEX_POINT('',#2505);
#758=VERTEX_POINT('',#2506);
#759=VERTEX_POINT('',#2508);
#760=VERTEX_POINT('',#2510);
#761=VERTEX_POINT('',#2512);
#762=VERTEX_POINT('',#2514);
#763=VERTEX_POINT('',#2518);
#764=VERTEX_POINT('',#2520);
#765=VERTEX_POINT('',#2524);
#766=VERTEX_POINT('',#2526);
#767=VERTEX_POINT('',#2530);
#768=VERTEX_POINT('',#2534);
#769=VERTEX_POINT('',#2542);
#770=VERTEX_POINT('',#2543);
#771=VERTEX_POINT('',#2545);
#772=VERTEX_POINT('',#2547);
#773=VERTEX_POINT('',#2549);
#774=VERTEX_POINT('',#2551);
#775=VERTEX_POINT('',#2553);
#776=VERTEX_POINT('',#2555);
#777=VERTEX_POINT('',#2557);
#778=VERTEX_POINT('',#2559);
#779=VERTEX_POINT('',#2561);
#780=VERTEX_POINT('',#2563);
#781=VERTEX_POINT('',#2567);
#782=VERTEX_POINT('',#2568);
#783=VERTEX_POINT('',#2570);
#784=VERTEX_POINT('',#2572);
#785=VERTEX_POINT('',#2574);
#786=VERTEX_POINT('',#2576);
#787=VERTEX_POINT('',#2578);
#788=VERTEX_POINT('',#2580);
#789=VERTEX_POINT('',#2584);
#790=VERTEX_POINT('',#2585);
#791=VERTEX_POINT('',#2587);
#792=VERTEX_POINT('',#2589);
#793=VERTEX_POINT('',#2593);
#794=VERTEX_POINT('',#2594);
#795=VERTEX_POINT('',#2596);
#796=VERTEX_POINT('',#2598);
#797=VERTEX_POINT('',#2607);
#798=VERTEX_POINT('',#2609);
#799=VERTEX_POINT('',#2611);
#800=VERTEX_POINT('',#2613);
#801=VERTEX_POINT('',#2615);
#802=VERTEX_POINT('',#2617);
#803=VERTEX_POINT('',#2619);
#804=VERTEX_POINT('',#2621);
#805=VERTEX_POINT('',#2624);
#806=VERTEX_POINT('',#2626);
#807=VERTEX_POINT('',#2628);
#808=VERTEX_POINT('',#2630);
#809=VERTEX_POINT('',#2632);
#810=VERTEX_POINT('',#2634);
#811=VERTEX_POINT('',#2636);
#812=VERTEX_POINT('',#2638);
#813=VERTEX_POINT('',#2640);
#814=VERTEX_POINT('',#2642);
#815=VERTEX_POINT('',#2645);
#816=VERTEX_POINT('',#2647);
#817=VERTEX_POINT('',#2651);
#818=VERTEX_POINT('',#2653);
#819=VERTEX_POINT('',#2656);
#820=VERTEX_POINT('',#2658);
#821=VERTEX_POINT('',#2660);
#822=VERTEX_POINT('',#2664);
#823=VERTEX_POINT('',#2666);
#824=VERTEX_POINT('',#2674);
#825=VERTEX_POINT('',#2676);
#826=VERTEX_POINT('',#2678);
#827=VERTEX_POINT('',#2680);
#828=VERTEX_POINT('',#2682);
#829=VERTEX_POINT('',#2684);
#830=VERTEX_POINT('',#2686);
#831=VERTEX_POINT('',#2690);
#832=VERTEX_POINT('',#2692);
#833=VERTEX_POINT('',#2694);
#834=VERTEX_POINT('',#2696);
#835=VERTEX_POINT('',#2700);
#836=VERTEX_POINT('',#2701);
#837=VERTEX_POINT('',#2703);
#838=VERTEX_POINT('',#2705);
#839=VERTEX_POINT('',#2709);
#840=VERTEX_POINT('',#2713);
#841=VERTEX_POINT('',#2717);
#842=VERTEX_POINT('',#2718);
#843=VERTEX_POINT('',#2728);
#844=VERTEX_POINT('',#2730);
#845=VERTEX_POINT('',#2738);
#846=VERTEX_POINT('',#2740);
#847=VERTEX_POINT('',#2743);
#848=VERTEX_POINT('',#2747);
#849=VERTEX_POINT('',#2759);
#850=VERTEX_POINT('',#2761);
#851=VERTEX_POINT('',#2765);
#852=VERTEX_POINT('',#2767);
#853=VERTEX_POINT('',#2769);
#854=VERTEX_POINT('',#2771);
#855=VERTEX_POINT('',#2777);
#856=VERTEX_POINT('',#2779);
#857=VERTEX_POINT('',#2785);
#858=VERTEX_POINT('',#2789);
#859=VERTEX_POINT('',#2795);
#860=VERTEX_POINT('',#2799);
#861=VERTEX_POINT('',#2803);
#862=VERTEX_POINT('',#2807);
#863=VERTEX_POINT('',#2820);
#864=VERTEX_POINT('',#2824);
#865=VERTEX_POINT('',#2831);
#866=VERTEX_POINT('',#2833);
#867=VERTEX_POINT('',#2837);
#868=VERTEX_POINT('',#2839);
#869=VERTEX_POINT('',#2841);
#870=VERTEX_POINT('',#2845);
#871=VERTEX_POINT('',#2847);
#872=VERTEX_POINT('',#2853);
#873=EDGE_CURVE('',#705,#706,#201,.T.);
#874=EDGE_CURVE('',#707,#705,#202,.T.);
#875=EDGE_CURVE('',#708,#707,#203,.T.);
#876=EDGE_CURVE('',#706,#708,#204,.T.);
#877=EDGE_CURVE('',#706,#709,#205,.T.);
#878=EDGE_CURVE('',#708,#710,#206,.T.);
#879=EDGE_CURVE('',#709,#710,#207,.T.);
#880=EDGE_CURVE('',#711,#705,#208,.T.);
#881=EDGE_CURVE('',#712,#711,#209,.T.);
#882=EDGE_CURVE('',#712,#707,#210,.T.);
#883=EDGE_CURVE('',#713,#714,#211,.T.);
#884=EDGE_CURVE('',#715,#713,#212,.T.);
#885=EDGE_CURVE('',#716,#715,#213,.T.);
#886=EDGE_CURVE('',#714,#716,#214,.T.);
#887=EDGE_CURVE('',#716,#717,#215,.T.);
#888=EDGE_CURVE('',#715,#718,#216,.T.);
#889=EDGE_CURVE('',#717,#718,#217,.T.);
#890=EDGE_CURVE('',#719,#720,#218,.T.);
#891=EDGE_CURVE('',#721,#719,#219,.T.);
#892=EDGE_CURVE('',#721,#714,#220,.T.);
#893=EDGE_CURVE('',#720,#717,#221,.T.);
#894=EDGE_CURVE('',#710,#722,#222,.T.);
#895=EDGE_CURVE('',#722,#723,#223,.F.);
#896=EDGE_CURVE('',#723,#724,#224,.F.);
#897=EDGE_CURVE('',#724,#720,#225,.F.);
#898=EDGE_CURVE('',#718,#725,#226,.T.);
#899=EDGE_CURVE('',#725,#726,#227,.F.);
#900=EDGE_CURVE('',#726,#727,#228,.F.);
#901=EDGE_CURVE('',#727,#728,#229,.F.);
#902=EDGE_CURVE('',#728,#709,#230,.T.);
#903=EDGE_CURVE('',#729,#713,#231,.T.);
#904=EDGE_CURVE('',#730,#729,#232,.T.);
#905=EDGE_CURVE('',#725,#730,#233,.T.);
#906=EDGE_CURVE('',#729,#721,#234,.T.);
#907=EDGE_CURVE('',#731,#730,#235,.F.);
#908=EDGE_CURVE('',#731,#726,#236,.T.);
#909=EDGE_CURVE('',#732,#712,#237,.T.);
#910=EDGE_CURVE('',#722,#732,#238,.T.);
#911=EDGE_CURVE('',#733,#728,#239,.T.);
#912=EDGE_CURVE('',#711,#733,#240,.T.);
#913=EDGE_CURVE('',#734,#732,#241,.F.);
#914=EDGE_CURVE('',#723,#734,#242,.T.);
#915=EDGE_CURVE('',#735,#736,#243,.T.);
#916=EDGE_CURVE('',#735,#737,#244,.F.);
#917=EDGE_CURVE('',#738,#737,#245,.T.);
#918=EDGE_CURVE('',#738,#736,#246,.F.);
#919=EDGE_CURVE('',#737,#739,#247,.F.);
#920=EDGE_CURVE('',#740,#739,#248,.T.);
#921=EDGE_CURVE('',#738,#740,#249,.T.);
#922=EDGE_CURVE('',#741,#742,#250,.T.);
#923=EDGE_CURVE('',#742,#743,#251,.T.);
#924=EDGE_CURVE('',#743,#744,#252,.T.);
#925=EDGE_CURVE('',#744,#741,#253,.T.);
#926=EDGE_CURVE('',#744,#745,#254,.T.);
#927=EDGE_CURVE('',#746,#745,#255,.F.);
#928=EDGE_CURVE('',#741,#746,#256,.T.);
#929=EDGE_CURVE('',#739,#746,#257,.F.);
#930=EDGE_CURVE('',#735,#747,#258,.T.);
#931=EDGE_CURVE('',#748,#747,#259,.F.);
#932=EDGE_CURVE('',#742,#748,#260,.F.);
#933=EDGE_CURVE('',#736,#749,#261,.F.);
#934=EDGE_CURVE('',#747,#749,#262,.T.);
#935=EDGE_CURVE('',#750,#748,#263,.F.);
#936=EDGE_CURVE('',#743,#750,#264,.F.);
#937=EDGE_CURVE('',#745,#750,#265,.F.);
#938=EDGE_CURVE('',#719,#751,#266,.F.);
#939=EDGE_CURVE('',#751,#740,#267,.F.);
#940=EDGE_CURVE('',#749,#734,#268,.F.);
#941=EDGE_CURVE('',#733,#752,#269,.F.);
#942=EDGE_CURVE('',#752,#731,#270,.F.);
#943=EDGE_CURVE('',#724,#751,#271,.F.);
#944=EDGE_CURVE('',#727,#752,#272,.F.);
#945=EDGE_CURVE('',#753,#754,#273,.T.);
#946=EDGE_CURVE('',#755,#754,#274,.T.);
#947=EDGE_CURVE('',#755,#756,#275,.T.);
#948=EDGE_CURVE('',#756,#753,#276,.T.);
#949=EDGE_CURVE('',#757,#758,#277,.T.);
#950=EDGE_CURVE('',#759,#757,#278,.T.);
#951=EDGE_CURVE('',#760,#759,#279,.T.);
#952=EDGE_CURVE('',#761,#760,#280,.T.);
#953=EDGE_CURVE('',#761,#762,#281,.T.);
#954=EDGE_CURVE('',#758,#762,#282,.F.);
#955=EDGE_CURVE('',#763,#757,#283,.T.);
#956=EDGE_CURVE('',#764,#763,#284,.T.);
#957=EDGE_CURVE('',#759,#764,#285,.T.);
#958=EDGE_CURVE('',#760,#765,#286,.T.);
#959=EDGE_CURVE('',#766,#765,#287,.T.);
#960=EDGE_CURVE('',#761,#766,#288,.T.);
#961=EDGE_CURVE('',#767,#766,#289,.T.);
#962=EDGE_CURVE('',#762,#767,#290,.T.);
#963=EDGE_CURVE('',#758,#768,#291,.T.);
#964=EDGE_CURVE('',#768,#767,#292,.F.);
#965=EDGE_CURVE('',#765,#764,#293,.T.);
#966=EDGE_CURVE('',#768,#763,#294,.T.);
#967=EDGE_CURVE('',#769,#770,#295,.T.);
#968=EDGE_CURVE('',#770,#771,#296,.T.);
#969=EDGE_CURVE('',#771,#772,#297,.T.);
#970=EDGE_CURVE('',#773,#772,#298,.T.);
#971=EDGE_CURVE('',#774,#773,#299,.T.);
#972=EDGE_CURVE('',#774,#775,#300,.T.);
#973=EDGE_CURVE('',#775,#776,#301,.T.);
#974=EDGE_CURVE('',#776,#777,#302,.T.);
#975=EDGE_CURVE('',#777,#778,#303,.T.);
#976=EDGE_CURVE('',#778,#779,#304,.T.);
#977=EDGE_CURVE('',#779,#780,#305,.T.);
#978=EDGE_CURVE('',#780,#769,#306,.T.);
#979=EDGE_CURVE('',#781,#782,#307,.T.);
#980=EDGE_CURVE('',#782,#783,#308,.T.);
#981=EDGE_CURVE('',#783,#784,#309,.T.);
#982=EDGE_CURVE('',#785,#784,#310,.T.);
#983=EDGE_CURVE('',#786,#785,#311,.T.);
#984=EDGE_CURVE('',#786,#787,#312,.T.);
#985=EDGE_CURVE('',#787,#788,#313,.T.);
#986=EDGE_CURVE('',#788,#781,#314,.T.);
#987=EDGE_CURVE('',#789,#790,#315,.T.);
#988=EDGE_CURVE('',#790,#791,#316,.T.);
#989=EDGE_CURVE('',#791,#792,#317,.T.);
#990=EDGE_CURVE('',#792,#789,#318,.T.);
#991=EDGE_CURVE('',#793,#794,#319,.T.);
#992=EDGE_CURVE('',#795,#793,#320,.T.);
#993=EDGE_CURVE('',#796,#795,#321,.T.);
#994=EDGE_CURVE('',#794,#796,#322,.T.);
#995=EDGE_CURVE('',#796,#773,#323,.T.);
#996=EDGE_CURVE('',#774,#795,#324,.T.);
#997=EDGE_CURVE('',#794,#772,#325,.T.);
#998=EDGE_CURVE('',#797,#793,#326,.T.);
#999=EDGE_CURVE('',#797,#798,#327,.T.);
#1000=EDGE_CURVE('',#798,#799,#328,.T.);
#1001=EDGE_CURVE('',#799,#800,#329,.T.);
#1002=EDGE_CURVE('',#800,#801,#330,.T.);
#1003=EDGE_CURVE('',#801,#802,#331,.T.);
#1004=EDGE_CURVE('',#802,#803,#332,.T.);
#1005=EDGE_CURVE('',#803,#804,#333,.T.);
#1006=EDGE_CURVE('',#804,#755,#334,.T.);
#1007=EDGE_CURVE('',#754,#805,#335,.T.);
#1008=EDGE_CURVE('',#805,#806,#336,.T.);
#1009=EDGE_CURVE('',#806,#807,#337,.T.);
#1010=EDGE_CURVE('',#807,#808,#338,.T.);
#1011=EDGE_CURVE('',#808,#809,#339,.T.);
#1012=EDGE_CURVE('',#809,#810,#340,.T.);
#1013=EDGE_CURVE('',#810,#811,#341,.T.);
#1014=EDGE_CURVE('',#811,#812,#342,.T.);
#1015=EDGE_CURVE('',#812,#813,#343,.T.);
#1016=EDGE_CURVE('',#814,#813,#344,.T.);
#1017=EDGE_CURVE('',#814,#779,#345,.T.);
#1018=EDGE_CURVE('',#778,#815,#346,.T.);
#1019=EDGE_CURVE('',#815,#816,#347,.T.);
#1020=EDGE_CURVE('',#816,#775,#348,.T.);
#1021=EDGE_CURVE('',#771,#817,#349,.T.);
#1022=EDGE_CURVE('',#817,#818,#350,.T.);
#1023=EDGE_CURVE('',#818,#787,#351,.T.);
#1024=EDGE_CURVE('',#786,#819,#352,.T.);
#1025=EDGE_CURVE('',#819,#820,#353,.T.);
#1026=EDGE_CURVE('',#821,#820,#354,.T.);
#1027=EDGE_CURVE('',#797,#821,#355,.T.);
#1028=EDGE_CURVE('',#820,#822,#356,.T.);
#1029=EDGE_CURVE('',#823,#819,#357,.T.);
#1030=EDGE_CURVE('',#822,#823,#358,.T.);
#1031=EDGE_CURVE('',#823,#785,#359,.T.);
#1032=EDGE_CURVE('',#822,#784,#360,.T.);
#1033=EDGE_CURVE('',#824,#783,#361,.T.);
#1034=EDGE_CURVE('',#825,#824,#362,.T.);
#1035=EDGE_CURVE('',#826,#825,#363,.T.);
#1036=EDGE_CURVE('',#826,#827,#364,.T.);
#1037=EDGE_CURVE('',#827,#828,#365,.T.);
#1038=EDGE_CURVE('',#828,#829,#366,.T.);
#1039=EDGE_CURVE('',#830,#829,#367,.T.);
#1040=EDGE_CURVE('',#830,#821,#368,.T.);
#1041=EDGE_CURVE('',#811,#831,#369,.T.);
#1042=EDGE_CURVE('',#831,#832,#370,.T.);
#1043=EDGE_CURVE('',#832,#833,#371,.T.);
#1044=EDGE_CURVE('',#833,#834,#372,.T.);
#1045=EDGE_CURVE('',#827,#834,#373,.T.);
#1046=EDGE_CURVE('',#812,#826,#374,.T.);
#1047=EDGE_CURVE('',#835,#836,#375,.T.);
#1048=EDGE_CURVE('',#837,#835,#376,.T.);
#1049=EDGE_CURVE('',#838,#837,#377,.T.);
#1050=EDGE_CURVE('',#836,#838,#378,.T.);
#1051=EDGE_CURVE('',#834,#839,#379,.F.);
#1052=EDGE_CURVE('',#828,#839,#380,.T.);
#1053=EDGE_CURVE('',#840,#839,#381,.F.);
#1054=EDGE_CURVE('',#840,#829,#382,.T.);
#1055=EDGE_CURVE('',#841,#842,#383,.T.);
#1056=EDGE_CURVE('',#842,#816,#384,.T.);
#1057=EDGE_CURVE('',#815,#841,#385,.T.);
#1058=EDGE_CURVE('',#841,#777,#386,.T.);
#1059=EDGE_CURVE('',#842,#776,#387,.T.);
#1060=EDGE_CURVE('',#781,#843,#388,.T.);
#1061=EDGE_CURVE('',#844,#843,#389,.T.);
#1062=EDGE_CURVE('',#844,#782,#390,.T.);
#1063=EDGE_CURVE('',#824,#844,#391,.T.);
#1064=EDGE_CURVE('',#843,#825,#392,.T.);
#1065=EDGE_CURVE('',#788,#845,#393,.T.);
#1066=EDGE_CURVE('',#845,#846,#394,.T.);
#1067=EDGE_CURVE('',#846,#770,#395,.T.);
#1068=EDGE_CURVE('',#847,#769,#396,.T.);
#1069=EDGE_CURVE('',#813,#847,#397,.T.);
#1070=EDGE_CURVE('',#848,#780,#398,.T.);
#1071=EDGE_CURVE('',#847,#848,#399,.T.);
#1072=EDGE_CURVE('',#848,#814,#400,.T.);
#1073=EDGE_CURVE('',#845,#818,#401,.T.);
#1074=EDGE_CURVE('',#817,#846,#402,.T.);
#1075=EDGE_CURVE('',#849,#802,#403,.T.);
#1076=EDGE_CURVE('',#801,#850,#404,.T.);
#1077=EDGE_CURVE('',#850,#849,#405,.T.);
#1078=EDGE_CURVE('',#851,#798,#406,.T.);
#1079=EDGE_CURVE('',#830,#852,#407,.T.);
#1080=EDGE_CURVE('',#853,#852,#408,.F.);
#1081=EDGE_CURVE('',#854,#853,#409,.F.);
#1082=EDGE_CURVE('',#854,#851,#410,.T.);
#1083=EDGE_CURVE('',#852,#840,#411,.T.);
#1084=EDGE_CURVE('',#855,#805,#412,.T.);
#1085=EDGE_CURVE('',#856,#855,#413,.T.);
#1086=EDGE_CURVE('',#806,#856,#414,.T.);
#1087=EDGE_CURVE('',#855,#753,#415,.T.);
#1088=EDGE_CURVE('',#804,#857,#416,.T.);
#1089=EDGE_CURVE('',#756,#857,#417,.T.);
#1090=EDGE_CURVE('',#858,#803,#418,.T.);
#1091=EDGE_CURVE('',#857,#858,#419,.T.);
#1092=EDGE_CURVE('',#858,#849,#420,.T.);
#1093=EDGE_CURVE('',#810,#859,#421,.T.);
#1094=EDGE_CURVE('',#831,#859,#422,.T.);
#1095=EDGE_CURVE('',#860,#809,#423,.T.);
#1096=EDGE_CURVE('',#859,#860,#424,.T.);
#1097=EDGE_CURVE('',#800,#861,#425,.T.);
#1098=EDGE_CURVE('',#850,#861,#426,.T.);
#1099=EDGE_CURVE('',#862,#799,#427,.T.);
#1100=EDGE_CURVE('',#861,#862,#428,.T.);
#1101=EDGE_CURVE('',#862,#851,#429,.T.);
#1102=EDGE_CURVE('',#832,#789,#430,.T.);
#1103=EDGE_CURVE('',#833,#792,#431,.F.);
#1104=EDGE_CURVE('',#853,#791,#432,.T.);
#1105=EDGE_CURVE('',#854,#790,#433,.F.);
#1106=EDGE_CURVE('',#863,#856,#434,.T.);
#1107=EDGE_CURVE('',#807,#863,#435,.T.);
#1108=EDGE_CURVE('',#860,#864,#436,.T.);
#1109=EDGE_CURVE('',#864,#808,#437,.T.);
#1110=EDGE_CURVE('',#863,#864,#438,.T.);
#1111=EDGE_CURVE('',#837,#865,#439,.F.);
#1112=EDGE_CURVE('',#865,#866,#440,.T.);
#1113=EDGE_CURVE('',#838,#866,#441,.F.);
#1114=EDGE_CURVE('',#867,#835,#442,.T.);
#1115=EDGE_CURVE('',#868,#867,#443,.T.);
#1116=EDGE_CURVE('',#869,#868,#444,.T.);
#1117=EDGE_CURVE('',#869,#865,#445,.T.);
#1118=EDGE_CURVE('',#868,#870,#446,.T.);
#1119=EDGE_CURVE('',#871,#870,#447,.T.);
#1120=EDGE_CURVE('',#869,#871,#448,.T.);
#1121=EDGE_CURVE('',#866,#871,#449,.T.);
#1122=EDGE_CURVE('',#872,#836,#450,.T.);
#1123=EDGE_CURVE('',#867,#872,#451,.T.);
#1124=EDGE_CURVE('',#870,#872,#452,.T.);
#1125=ORIENTED_EDGE('',*,*,#873,.F.);
#1126=ORIENTED_EDGE('',*,*,#874,.F.);
#1127=ORIENTED_EDGE('',*,*,#875,.F.);
#1128=ORIENTED_EDGE('',*,*,#876,.F.);
#1129=ORIENTED_EDGE('',*,*,#877,.F.);
#1130=ORIENTED_EDGE('',*,*,#876,.T.);
#1131=ORIENTED_EDGE('',*,*,#878,.T.);
#1132=ORIENTED_EDGE('',*,*,#879,.F.);
#1133=ORIENTED_EDGE('',*,*,#874,.T.);
#1134=ORIENTED_EDGE('',*,*,#880,.F.);
#1135=ORIENTED_EDGE('',*,*,#881,.F.);
#1136=ORIENTED_EDGE('',*,*,#882,.T.);
#1137=ORIENTED_EDGE('',*,*,#883,.F.);
#1138=ORIENTED_EDGE('',*,*,#884,.F.);
#1139=ORIENTED_EDGE('',*,*,#885,.F.);
#1140=ORIENTED_EDGE('',*,*,#886,.F.);
#1141=ORIENTED_EDGE('',*,*,#887,.F.);
#1142=ORIENTED_EDGE('',*,*,#885,.T.);
#1143=ORIENTED_EDGE('',*,*,#888,.T.);
#1144=ORIENTED_EDGE('',*,*,#889,.F.);
#1145=ORIENTED_EDGE('',*,*,#890,.F.);
#1146=ORIENTED_EDGE('',*,*,#891,.F.);
#1147=ORIENTED_EDGE('',*,*,#892,.T.);
#1148=ORIENTED_EDGE('',*,*,#886,.T.);
#1149=ORIENTED_EDGE('',*,*,#887,.T.);
#1150=ORIENTED_EDGE('',*,*,#893,.F.);
#1151=ORIENTED_EDGE('',*,*,#894,.T.);
#1152=ORIENTED_EDGE('',*,*,#895,.T.);
#1153=ORIENTED_EDGE('',*,*,#896,.T.);
#1154=ORIENTED_EDGE('',*,*,#897,.T.);
#1155=ORIENTED_EDGE('',*,*,#893,.T.);
#1156=ORIENTED_EDGE('',*,*,#889,.T.);
#1157=ORIENTED_EDGE('',*,*,#898,.T.);
#1158=ORIENTED_EDGE('',*,*,#899,.T.);
#1159=ORIENTED_EDGE('',*,*,#900,.T.);
#1160=ORIENTED_EDGE('',*,*,#901,.T.);
#1161=ORIENTED_EDGE('',*,*,#902,.T.);
#1162=ORIENTED_EDGE('',*,*,#879,.T.);
#1163=ORIENTED_EDGE('',*,*,#903,.F.);
#1164=ORIENTED_EDGE('',*,*,#904,.F.);
#1165=ORIENTED_EDGE('',*,*,#905,.F.);
#1166=ORIENTED_EDGE('',*,*,#898,.F.);
#1167=ORIENTED_EDGE('',*,*,#888,.F.);
#1168=ORIENTED_EDGE('',*,*,#884,.T.);
#1169=ORIENTED_EDGE('',*,*,#883,.T.);
#1170=ORIENTED_EDGE('',*,*,#892,.F.);
#1171=ORIENTED_EDGE('',*,*,#906,.F.);
#1172=ORIENTED_EDGE('',*,*,#903,.T.);
#1173=ORIENTED_EDGE('',*,*,#905,.T.);
#1174=ORIENTED_EDGE('',*,*,#907,.F.);
#1175=ORIENTED_EDGE('',*,*,#908,.T.);
#1176=ORIENTED_EDGE('',*,*,#899,.F.);
#1177=ORIENTED_EDGE('',*,*,#894,.F.);
#1178=ORIENTED_EDGE('',*,*,#878,.F.);
#1179=ORIENTED_EDGE('',*,*,#875,.T.);
#1180=ORIENTED_EDGE('',*,*,#882,.F.);
#1181=ORIENTED_EDGE('',*,*,#909,.F.);
#1182=ORIENTED_EDGE('',*,*,#910,.F.);
#1183=ORIENTED_EDGE('',*,*,#902,.F.);
#1184=ORIENTED_EDGE('',*,*,#911,.F.);
#1185=ORIENTED_EDGE('',*,*,#912,.F.);
#1186=ORIENTED_EDGE('',*,*,#880,.T.);
#1187=ORIENTED_EDGE('',*,*,#873,.T.);
#1188=ORIENTED_EDGE('',*,*,#877,.T.);
#1189=ORIENTED_EDGE('',*,*,#910,.T.);
#1190=ORIENTED_EDGE('',*,*,#913,.F.);
#1191=ORIENTED_EDGE('',*,*,#914,.F.);
#1192=ORIENTED_EDGE('',*,*,#895,.F.);
#1193=ORIENTED_EDGE('',*,*,#915,.F.);
#1194=ORIENTED_EDGE('',*,*,#916,.T.);
#1195=ORIENTED_EDGE('',*,*,#917,.F.);
#1196=ORIENTED_EDGE('',*,*,#918,.T.);
#1197=ORIENTED_EDGE('',*,*,#917,.T.);
#1198=ORIENTED_EDGE('',*,*,#919,.T.);
#1199=ORIENTED_EDGE('',*,*,#920,.F.);
#1200=ORIENTED_EDGE('',*,*,#921,.F.);
#1201=ORIENTED_EDGE('',*,*,#922,.T.);
#1202=ORIENTED_EDGE('',*,*,#923,.T.);
#1203=ORIENTED_EDGE('',*,*,#924,.T.);
#1204=ORIENTED_EDGE('',*,*,#925,.T.);
#1205=ORIENTED_EDGE('',*,*,#925,.F.);
#1206=ORIENTED_EDGE('',*,*,#926,.T.);
#1207=ORIENTED_EDGE('',*,*,#927,.F.);
#1208=ORIENTED_EDGE('',*,*,#928,.F.);
#1209=ORIENTED_EDGE('',*,*,#922,.F.);
#1210=ORIENTED_EDGE('',*,*,#928,.T.);
#1211=ORIENTED_EDGE('',*,*,#929,.F.);
#1212=ORIENTED_EDGE('',*,*,#919,.F.);
#1213=ORIENTED_EDGE('',*,*,#916,.F.);
#1214=ORIENTED_EDGE('',*,*,#930,.T.);
#1215=ORIENTED_EDGE('',*,*,#931,.F.);
#1216=ORIENTED_EDGE('',*,*,#932,.F.);
#1217=ORIENTED_EDGE('',*,*,#915,.T.);
#1218=ORIENTED_EDGE('',*,*,#933,.T.);
#1219=ORIENTED_EDGE('',*,*,#934,.F.);
#1220=ORIENTED_EDGE('',*,*,#930,.F.);
#1221=ORIENTED_EDGE('',*,*,#923,.F.);
#1222=ORIENTED_EDGE('',*,*,#932,.T.);
#1223=ORIENTED_EDGE('',*,*,#935,.F.);
#1224=ORIENTED_EDGE('',*,*,#936,.F.);
#1225=ORIENTED_EDGE('',*,*,#924,.F.);
#1226=ORIENTED_EDGE('',*,*,#936,.T.);
#1227=ORIENTED_EDGE('',*,*,#937,.F.);
#1228=ORIENTED_EDGE('',*,*,#926,.F.);
#1229=ORIENTED_EDGE('',*,*,#891,.T.);
#1230=ORIENTED_EDGE('',*,*,#938,.T.);
#1231=ORIENTED_EDGE('',*,*,#939,.T.);
#1232=ORIENTED_EDGE('',*,*,#920,.T.);
#1233=ORIENTED_EDGE('',*,*,#929,.T.);
#1234=ORIENTED_EDGE('',*,*,#927,.T.);
#1235=ORIENTED_EDGE('',*,*,#937,.T.);
#1236=ORIENTED_EDGE('',*,*,#935,.T.);
#1237=ORIENTED_EDGE('',*,*,#931,.T.);
#1238=ORIENTED_EDGE('',*,*,#934,.T.);
#1239=ORIENTED_EDGE('',*,*,#940,.T.);
#1240=ORIENTED_EDGE('',*,*,#913,.T.);
#1241=ORIENTED_EDGE('',*,*,#909,.T.);
#1242=ORIENTED_EDGE('',*,*,#881,.T.);
#1243=ORIENTED_EDGE('',*,*,#912,.T.);
#1244=ORIENTED_EDGE('',*,*,#941,.T.);
#1245=ORIENTED_EDGE('',*,*,#942,.T.);
#1246=ORIENTED_EDGE('',*,*,#907,.T.);
#1247=ORIENTED_EDGE('',*,*,#904,.T.);
#1248=ORIENTED_EDGE('',*,*,#906,.T.);
#1249=ORIENTED_EDGE('',*,*,#943,.F.);
#1250=ORIENTED_EDGE('',*,*,#896,.F.);
#1251=ORIENTED_EDGE('',*,*,#914,.T.);
#1252=ORIENTED_EDGE('',*,*,#940,.F.);
#1253=ORIENTED_EDGE('',*,*,#933,.F.);
#1254=ORIENTED_EDGE('',*,*,#918,.F.);
#1255=ORIENTED_EDGE('',*,*,#921,.T.);
#1256=ORIENTED_EDGE('',*,*,#939,.F.);
#1257=ORIENTED_EDGE('',*,*,#911,.T.);
#1258=ORIENTED_EDGE('',*,*,#901,.F.);
#1259=ORIENTED_EDGE('',*,*,#944,.T.);
#1260=ORIENTED_EDGE('',*,*,#941,.F.);
#1261=ORIENTED_EDGE('',*,*,#944,.F.);
#1262=ORIENTED_EDGE('',*,*,#900,.F.);
#1263=ORIENTED_EDGE('',*,*,#908,.F.);
#1264=ORIENTED_EDGE('',*,*,#942,.F.);
#1265=ORIENTED_EDGE('',*,*,#890,.T.);
#1266=ORIENTED_EDGE('',*,*,#897,.F.);
#1267=ORIENTED_EDGE('',*,*,#943,.T.);
#1268=ORIENTED_EDGE('',*,*,#938,.F.);
#1269=ORIENTED_EDGE('',*,*,#945,.T.);
#1270=ORIENTED_EDGE('',*,*,#946,.F.);
#1271=ORIENTED_EDGE('',*,*,#947,.T.);
#1272=ORIENTED_EDGE('',*,*,#948,.T.);
#1273=ORIENTED_EDGE('',*,*,#949,.F.);
#1274=ORIENTED_EDGE('',*,*,#950,.F.);
#1275=ORIENTED_EDGE('',*,*,#951,.F.);
#1276=ORIENTED_EDGE('',*,*,#952,.F.);
#1277=ORIENTED_EDGE('',*,*,#953,.T.);
#1278=ORIENTED_EDGE('',*,*,#954,.F.);
#1279=ORIENTED_EDGE('',*,*,#955,.F.);
#1280=ORIENTED_EDGE('',*,*,#956,.F.);
#1281=ORIENTED_EDGE('',*,*,#957,.F.);
#1282=ORIENTED_EDGE('',*,*,#950,.T.);
#1283=ORIENTED_EDGE('',*,*,#952,.T.);
#1284=ORIENTED_EDGE('',*,*,#958,.T.);
#1285=ORIENTED_EDGE('',*,*,#959,.F.);
#1286=ORIENTED_EDGE('',*,*,#960,.F.);
#1287=ORIENTED_EDGE('',*,*,#953,.F.);
#1288=ORIENTED_EDGE('',*,*,#960,.T.);
#1289=ORIENTED_EDGE('',*,*,#961,.F.);
#1290=ORIENTED_EDGE('',*,*,#962,.F.);
#1291=ORIENTED_EDGE('',*,*,#963,.F.);
#1292=ORIENTED_EDGE('',*,*,#954,.T.);
#1293=ORIENTED_EDGE('',*,*,#962,.T.);
#1294=ORIENTED_EDGE('',*,*,#964,.F.);
#1295=ORIENTED_EDGE('',*,*,#951,.T.);
#1296=ORIENTED_EDGE('',*,*,#957,.T.);
#1297=ORIENTED_EDGE('',*,*,#965,.F.);
#1298=ORIENTED_EDGE('',*,*,#958,.F.);
#1299=ORIENTED_EDGE('',*,*,#966,.F.);
#1300=ORIENTED_EDGE('',*,*,#964,.T.);
#1301=ORIENTED_EDGE('',*,*,#961,.T.);
#1302=ORIENTED_EDGE('',*,*,#959,.T.);
#1303=ORIENTED_EDGE('',*,*,#965,.T.);
#1304=ORIENTED_EDGE('',*,*,#956,.T.);
#1305=ORIENTED_EDGE('',*,*,#967,.T.);
#1306=ORIENTED_EDGE('',*,*,#968,.T.);
#1307=ORIENTED_EDGE('',*,*,#969,.T.);
#1308=ORIENTED_EDGE('',*,*,#970,.F.);
#1309=ORIENTED_EDGE('',*,*,#971,.F.);
#1310=ORIENTED_EDGE('',*,*,#972,.T.);
#1311=ORIENTED_EDGE('',*,*,#973,.T.);
#1312=ORIENTED_EDGE('',*,*,#974,.T.);
#1313=ORIENTED_EDGE('',*,*,#975,.T.);
#1314=ORIENTED_EDGE('',*,*,#976,.T.);
#1315=ORIENTED_EDGE('',*,*,#977,.T.);
#1316=ORIENTED_EDGE('',*,*,#978,.T.);
#1317=ORIENTED_EDGE('',*,*,#979,.T.);
#1318=ORIENTED_EDGE('',*,*,#980,.T.);
#1319=ORIENTED_EDGE('',*,*,#981,.T.);
#1320=ORIENTED_EDGE('',*,*,#982,.F.);
#1321=ORIENTED_EDGE('',*,*,#983,.F.);
#1322=ORIENTED_EDGE('',*,*,#984,.T.);
#1323=ORIENTED_EDGE('',*,*,#985,.T.);
#1324=ORIENTED_EDGE('',*,*,#986,.T.);
#1325=ORIENTED_EDGE('',*,*,#987,.T.);
#1326=ORIENTED_EDGE('',*,*,#988,.T.);
#1327=ORIENTED_EDGE('',*,*,#989,.T.);
#1328=ORIENTED_EDGE('',*,*,#990,.T.);
#1329=ORIENTED_EDGE('',*,*,#991,.F.);
#1330=ORIENTED_EDGE('',*,*,#992,.F.);
#1331=ORIENTED_EDGE('',*,*,#993,.F.);
#1332=ORIENTED_EDGE('',*,*,#994,.F.);
#1333=ORIENTED_EDGE('',*,*,#995,.F.);
#1334=ORIENTED_EDGE('',*,*,#993,.T.);
#1335=ORIENTED_EDGE('',*,*,#996,.F.);
#1336=ORIENTED_EDGE('',*,*,#971,.T.);
#1337=ORIENTED_EDGE('',*,*,#997,.F.);
#1338=ORIENTED_EDGE('',*,*,#994,.T.);
#1339=ORIENTED_EDGE('',*,*,#995,.T.);
#1340=ORIENTED_EDGE('',*,*,#970,.T.);
#1341=ORIENTED_EDGE('',*,*,#996,.T.);
#1342=ORIENTED_EDGE('',*,*,#992,.T.);
#1343=ORIENTED_EDGE('',*,*,#998,.F.);
#1344=ORIENTED_EDGE('',*,*,#999,.T.);
#1345=ORIENTED_EDGE('',*,*,#1000,.T.);
#1346=ORIENTED_EDGE('',*,*,#1001,.T.);
#1347=ORIENTED_EDGE('',*,*,#1002,.T.);
#1348=ORIENTED_EDGE('',*,*,#1003,.T.);
#1349=ORIENTED_EDGE('',*,*,#1004,.T.);
#1350=ORIENTED_EDGE('',*,*,#1005,.T.);
#1351=ORIENTED_EDGE('',*,*,#1006,.T.);
#1352=ORIENTED_EDGE('',*,*,#946,.T.);
#1353=ORIENTED_EDGE('',*,*,#1007,.T.);
#1354=ORIENTED_EDGE('',*,*,#1008,.T.);
#1355=ORIENTED_EDGE('',*,*,#1009,.T.);
#1356=ORIENTED_EDGE('',*,*,#1010,.T.);
#1357=ORIENTED_EDGE('',*,*,#1011,.T.);
#1358=ORIENTED_EDGE('',*,*,#1012,.T.);
#1359=ORIENTED_EDGE('',*,*,#1013,.T.);
#1360=ORIENTED_EDGE('',*,*,#1014,.T.);
#1361=ORIENTED_EDGE('',*,*,#1015,.T.);
#1362=ORIENTED_EDGE('',*,*,#1016,.F.);
#1363=ORIENTED_EDGE('',*,*,#1017,.T.);
#1364=ORIENTED_EDGE('',*,*,#976,.F.);
#1365=ORIENTED_EDGE('',*,*,#1018,.T.);
#1366=ORIENTED_EDGE('',*,*,#1019,.T.);
#1367=ORIENTED_EDGE('',*,*,#1020,.T.);
#1368=ORIENTED_EDGE('',*,*,#972,.F.);
#1369=ORIENTED_EDGE('',*,*,#991,.T.);
#1370=ORIENTED_EDGE('',*,*,#997,.T.);
#1371=ORIENTED_EDGE('',*,*,#969,.F.);
#1372=ORIENTED_EDGE('',*,*,#1021,.T.);
#1373=ORIENTED_EDGE('',*,*,#1022,.T.);
#1374=ORIENTED_EDGE('',*,*,#1023,.T.);
#1375=ORIENTED_EDGE('',*,*,#984,.F.);
#1376=ORIENTED_EDGE('',*,*,#1024,.T.);
#1377=ORIENTED_EDGE('',*,*,#1025,.T.);
#1378=ORIENTED_EDGE('',*,*,#1026,.F.);
#1379=ORIENTED_EDGE('',*,*,#1027,.F.);
#1380=ORIENTED_EDGE('',*,*,#998,.T.);
#1381=ORIENTED_EDGE('',*,*,#1028,.F.);
#1382=ORIENTED_EDGE('',*,*,#1025,.F.);
#1383=ORIENTED_EDGE('',*,*,#1029,.F.);
#1384=ORIENTED_EDGE('',*,*,#1030,.F.);
#1385=ORIENTED_EDGE('',*,*,#1024,.F.);
#1386=ORIENTED_EDGE('',*,*,#983,.T.);
#1387=ORIENTED_EDGE('',*,*,#1031,.F.);
#1388=ORIENTED_EDGE('',*,*,#1029,.T.);
#1389=ORIENTED_EDGE('',*,*,#1032,.F.);
#1390=ORIENTED_EDGE('',*,*,#1030,.T.);
#1391=ORIENTED_EDGE('',*,*,#1031,.T.);
#1392=ORIENTED_EDGE('',*,*,#982,.T.);
#1393=ORIENTED_EDGE('',*,*,#1028,.T.);
#1394=ORIENTED_EDGE('',*,*,#1032,.T.);
#1395=ORIENTED_EDGE('',*,*,#981,.F.);
#1396=ORIENTED_EDGE('',*,*,#1033,.F.);
#1397=ORIENTED_EDGE('',*,*,#1034,.F.);
#1398=ORIENTED_EDGE('',*,*,#1035,.F.);
#1399=ORIENTED_EDGE('',*,*,#1036,.T.);
#1400=ORIENTED_EDGE('',*,*,#1037,.T.);
#1401=ORIENTED_EDGE('',*,*,#1038,.T.);
#1402=ORIENTED_EDGE('',*,*,#1039,.F.);
#1403=ORIENTED_EDGE('',*,*,#1040,.T.);
#1404=ORIENTED_EDGE('',*,*,#1026,.T.);
#1405=ORIENTED_EDGE('',*,*,#1041,.T.);
#1406=ORIENTED_EDGE('',*,*,#1042,.T.);
#1407=ORIENTED_EDGE('',*,*,#1043,.T.);
#1408=ORIENTED_EDGE('',*,*,#1044,.T.);
#1409=ORIENTED_EDGE('',*,*,#1045,.F.);
#1410=ORIENTED_EDGE('',*,*,#1036,.F.);
#1411=ORIENTED_EDGE('',*,*,#1046,.F.);
#1412=ORIENTED_EDGE('',*,*,#1014,.F.);
#1413=ORIENTED_EDGE('',*,*,#1047,.F.);
#1414=ORIENTED_EDGE('',*,*,#1048,.F.);
#1415=ORIENTED_EDGE('',*,*,#1049,.F.);
#1416=ORIENTED_EDGE('',*,*,#1050,.F.);
#1417=ORIENTED_EDGE('',*,*,#1045,.T.);
#1418=ORIENTED_EDGE('',*,*,#1051,.T.);
#1419=ORIENTED_EDGE('',*,*,#1052,.F.);
#1420=ORIENTED_EDGE('',*,*,#1037,.F.);
#1421=ORIENTED_EDGE('',*,*,#1052,.T.);
#1422=ORIENTED_EDGE('',*,*,#1053,.F.);
#1423=ORIENTED_EDGE('',*,*,#1054,.T.);
#1424=ORIENTED_EDGE('',*,*,#1038,.F.);
#1425=ORIENTED_EDGE('',*,*,#1055,.T.);
#1426=ORIENTED_EDGE('',*,*,#1056,.T.);
#1427=ORIENTED_EDGE('',*,*,#1019,.F.);
#1428=ORIENTED_EDGE('',*,*,#1057,.T.);
#1429=ORIENTED_EDGE('',*,*,#1018,.F.);
#1430=ORIENTED_EDGE('',*,*,#975,.F.);
#1431=ORIENTED_EDGE('',*,*,#1058,.F.);
#1432=ORIENTED_EDGE('',*,*,#1057,.F.);
#1433=ORIENTED_EDGE('',*,*,#1059,.T.);
#1434=ORIENTED_EDGE('',*,*,#973,.F.);
#1435=ORIENTED_EDGE('',*,*,#1020,.F.);
#1436=ORIENTED_EDGE('',*,*,#1056,.F.);
#1437=ORIENTED_EDGE('',*,*,#1058,.T.);
#1438=ORIENTED_EDGE('',*,*,#974,.F.);
#1439=ORIENTED_EDGE('',*,*,#1059,.F.);
#1440=ORIENTED_EDGE('',*,*,#1055,.F.);
#1441=ORIENTED_EDGE('',*,*,#1060,.T.);
#1442=ORIENTED_EDGE('',*,*,#1061,.F.);
#1443=ORIENTED_EDGE('',*,*,#1062,.T.);
#1444=ORIENTED_EDGE('',*,*,#979,.F.);
#1445=ORIENTED_EDGE('',*,*,#1034,.T.);
#1446=ORIENTED_EDGE('',*,*,#1063,.T.);
#1447=ORIENTED_EDGE('',*,*,#1061,.T.);
#1448=ORIENTED_EDGE('',*,*,#1064,.T.);
#1449=ORIENTED_EDGE('',*,*,#1033,.T.);
#1450=ORIENTED_EDGE('',*,*,#980,.F.);
#1451=ORIENTED_EDGE('',*,*,#1062,.F.);
#1452=ORIENTED_EDGE('',*,*,#1063,.F.);
#1453=ORIENTED_EDGE('',*,*,#1060,.F.);
#1454=ORIENTED_EDGE('',*,*,#986,.F.);
#1455=ORIENTED_EDGE('',*,*,#1065,.T.);
#1456=ORIENTED_EDGE('',*,*,#1066,.T.);
#1457=ORIENTED_EDGE('',*,*,#1067,.T.);
#1458=ORIENTED_EDGE('',*,*,#967,.F.);
#1459=ORIENTED_EDGE('',*,*,#1068,.F.);
#1460=ORIENTED_EDGE('',*,*,#1069,.F.);
#1461=ORIENTED_EDGE('',*,*,#1015,.F.);
#1462=ORIENTED_EDGE('',*,*,#1046,.T.);
#1463=ORIENTED_EDGE('',*,*,#1035,.T.);
#1464=ORIENTED_EDGE('',*,*,#1064,.F.);
#1465=ORIENTED_EDGE('',*,*,#1068,.T.);
#1466=ORIENTED_EDGE('',*,*,#978,.F.);
#1467=ORIENTED_EDGE('',*,*,#1070,.F.);
#1468=ORIENTED_EDGE('',*,*,#1071,.F.);
#1469=ORIENTED_EDGE('',*,*,#1069,.T.);
#1470=ORIENTED_EDGE('',*,*,#1071,.T.);
#1471=ORIENTED_EDGE('',*,*,#1072,.T.);
#1472=ORIENTED_EDGE('',*,*,#1016,.T.);
#1473=ORIENTED_EDGE('',*,*,#1070,.T.);
#1474=ORIENTED_EDGE('',*,*,#977,.F.);
#1475=ORIENTED_EDGE('',*,*,#1017,.F.);
#1476=ORIENTED_EDGE('',*,*,#1072,.F.);
#1477=ORIENTED_EDGE('',*,*,#1066,.F.);
#1478=ORIENTED_EDGE('',*,*,#1073,.T.);
#1479=ORIENTED_EDGE('',*,*,#1022,.F.);
#1480=ORIENTED_EDGE('',*,*,#1074,.T.);
#1481=ORIENTED_EDGE('',*,*,#1065,.F.);
#1482=ORIENTED_EDGE('',*,*,#985,.F.);
#1483=ORIENTED_EDGE('',*,*,#1023,.F.);
#1484=ORIENTED_EDGE('',*,*,#1073,.F.);
#1485=ORIENTED_EDGE('',*,*,#1067,.F.);
#1486=ORIENTED_EDGE('',*,*,#1074,.F.);
#1487=ORIENTED_EDGE('',*,*,#1021,.F.);
#1488=ORIENTED_EDGE('',*,*,#968,.F.);
#1489=ORIENTED_EDGE('',*,*,#1075,.T.);
#1490=ORIENTED_EDGE('',*,*,#1003,.F.);
#1491=ORIENTED_EDGE('',*,*,#1076,.T.);
#1492=ORIENTED_EDGE('',*,*,#1077,.T.);
#1493=ORIENTED_EDGE('',*,*,#1078,.T.);
#1494=ORIENTED_EDGE('',*,*,#999,.F.);
#1495=ORIENTED_EDGE('',*,*,#1027,.T.);
#1496=ORIENTED_EDGE('',*,*,#1040,.F.);
#1497=ORIENTED_EDGE('',*,*,#1079,.T.);
#1498=ORIENTED_EDGE('',*,*,#1080,.F.);
#1499=ORIENTED_EDGE('',*,*,#1081,.F.);
#1500=ORIENTED_EDGE('',*,*,#1082,.T.);
#1501=ORIENTED_EDGE('',*,*,#955,.T.);
#1502=ORIENTED_EDGE('',*,*,#949,.T.);
#1503=ORIENTED_EDGE('',*,*,#963,.T.);
#1504=ORIENTED_EDGE('',*,*,#966,.T.);
#1505=ORIENTED_EDGE('',*,*,#1079,.F.);
#1506=ORIENTED_EDGE('',*,*,#1039,.T.);
#1507=ORIENTED_EDGE('',*,*,#1054,.F.);
#1508=ORIENTED_EDGE('',*,*,#1083,.F.);
#1509=ORIENTED_EDGE('',*,*,#1008,.F.);
#1510=ORIENTED_EDGE('',*,*,#1084,.F.);
#1511=ORIENTED_EDGE('',*,*,#1085,.F.);
#1512=ORIENTED_EDGE('',*,*,#1086,.F.);
#1513=ORIENTED_EDGE('',*,*,#1007,.F.);
#1514=ORIENTED_EDGE('',*,*,#945,.F.);
#1515=ORIENTED_EDGE('',*,*,#1087,.F.);
#1516=ORIENTED_EDGE('',*,*,#1084,.T.);
#1517=ORIENTED_EDGE('',*,*,#1006,.F.);
#1518=ORIENTED_EDGE('',*,*,#1088,.T.);
#1519=ORIENTED_EDGE('',*,*,#1089,.F.);
#1520=ORIENTED_EDGE('',*,*,#947,.F.);
#1521=ORIENTED_EDGE('',*,*,#1005,.F.);
#1522=ORIENTED_EDGE('',*,*,#1090,.F.);
#1523=ORIENTED_EDGE('',*,*,#1091,.F.);
#1524=ORIENTED_EDGE('',*,*,#1088,.F.);
#1525=ORIENTED_EDGE('',*,*,#1004,.F.);
#1526=ORIENTED_EDGE('',*,*,#1075,.F.);
#1527=ORIENTED_EDGE('',*,*,#1092,.F.);
#1528=ORIENTED_EDGE('',*,*,#1090,.T.);
#1529=ORIENTED_EDGE('',*,*,#1013,.F.);
#1530=ORIENTED_EDGE('',*,*,#1093,.T.);
#1531=ORIENTED_EDGE('',*,*,#1094,.F.);
#1532=ORIENTED_EDGE('',*,*,#1041,.F.);
#1533=ORIENTED_EDGE('',*,*,#1012,.F.);
#1534=ORIENTED_EDGE('',*,*,#1095,.F.);
#1535=ORIENTED_EDGE('',*,*,#1096,.F.);
#1536=ORIENTED_EDGE('',*,*,#1093,.F.);
#1537=ORIENTED_EDGE('',*,*,#1002,.F.);
#1538=ORIENTED_EDGE('',*,*,#1097,.T.);
#1539=ORIENTED_EDGE('',*,*,#1098,.F.);
#1540=ORIENTED_EDGE('',*,*,#1076,.F.);
#1541=ORIENTED_EDGE('',*,*,#1001,.F.);
#1542=ORIENTED_EDGE('',*,*,#1099,.F.);
#1543=ORIENTED_EDGE('',*,*,#1100,.F.);
#1544=ORIENTED_EDGE('',*,*,#1097,.F.);
#1545=ORIENTED_EDGE('',*,*,#1000,.F.);
#1546=ORIENTED_EDGE('',*,*,#1078,.F.);
#1547=ORIENTED_EDGE('',*,*,#1101,.F.);
#1548=ORIENTED_EDGE('',*,*,#1099,.T.);
#1549=ORIENTED_EDGE('',*,*,#1102,.T.);
#1550=ORIENTED_EDGE('',*,*,#990,.F.);
#1551=ORIENTED_EDGE('',*,*,#1103,.F.);
#1552=ORIENTED_EDGE('',*,*,#1043,.F.);
#1553=ORIENTED_EDGE('',*,*,#1053,.T.);
#1554=ORIENTED_EDGE('',*,*,#1051,.F.);
#1555=ORIENTED_EDGE('',*,*,#1044,.F.);
#1556=ORIENTED_EDGE('',*,*,#1103,.T.);
#1557=ORIENTED_EDGE('',*,*,#989,.F.);
#1558=ORIENTED_EDGE('',*,*,#1104,.F.);
#1559=ORIENTED_EDGE('',*,*,#1080,.T.);
#1560=ORIENTED_EDGE('',*,*,#1083,.T.);
#1561=ORIENTED_EDGE('',*,*,#1104,.T.);
#1562=ORIENTED_EDGE('',*,*,#988,.F.);
#1563=ORIENTED_EDGE('',*,*,#1105,.F.);
#1564=ORIENTED_EDGE('',*,*,#1081,.T.);
#1565=ORIENTED_EDGE('',*,*,#1106,.F.);
#1566=ORIENTED_EDGE('',*,*,#1107,.F.);
#1567=ORIENTED_EDGE('',*,*,#1009,.F.);
#1568=ORIENTED_EDGE('',*,*,#1086,.T.);
#1569=ORIENTED_EDGE('',*,*,#1108,.F.);
#1570=ORIENTED_EDGE('',*,*,#1095,.T.);
#1571=ORIENTED_EDGE('',*,*,#1011,.F.);
#1572=ORIENTED_EDGE('',*,*,#1109,.F.);
#1573=ORIENTED_EDGE('',*,*,#1107,.T.);
#1574=ORIENTED_EDGE('',*,*,#1110,.T.);
#1575=ORIENTED_EDGE('',*,*,#1109,.T.);
#1576=ORIENTED_EDGE('',*,*,#1010,.F.);
#1577=ORIENTED_EDGE('',*,*,#1106,.T.);
#1578=ORIENTED_EDGE('',*,*,#1085,.T.);
#1579=ORIENTED_EDGE('',*,*,#1087,.T.);
#1580=ORIENTED_EDGE('',*,*,#948,.F.);
#1581=ORIENTED_EDGE('',*,*,#1089,.T.);
#1582=ORIENTED_EDGE('',*,*,#1091,.T.);
#1583=ORIENTED_EDGE('',*,*,#1092,.T.);
#1584=ORIENTED_EDGE('',*,*,#1077,.F.);
#1585=ORIENTED_EDGE('',*,*,#1098,.T.);
#1586=ORIENTED_EDGE('',*,*,#1100,.T.);
#1587=ORIENTED_EDGE('',*,*,#1101,.T.);
#1588=ORIENTED_EDGE('',*,*,#1082,.F.);
#1589=ORIENTED_EDGE('',*,*,#1105,.T.);
#1590=ORIENTED_EDGE('',*,*,#987,.F.);
#1591=ORIENTED_EDGE('',*,*,#1102,.F.);
#1592=ORIENTED_EDGE('',*,*,#1042,.F.);
#1593=ORIENTED_EDGE('',*,*,#1094,.T.);
#1594=ORIENTED_EDGE('',*,*,#1096,.T.);
#1595=ORIENTED_EDGE('',*,*,#1108,.T.);
#1596=ORIENTED_EDGE('',*,*,#1110,.F.);
#1597=ORIENTED_EDGE('',*,*,#1049,.T.);
#1598=ORIENTED_EDGE('',*,*,#1111,.T.);
#1599=ORIENTED_EDGE('',*,*,#1112,.T.);
#1600=ORIENTED_EDGE('',*,*,#1113,.F.);
#1601=ORIENTED_EDGE('',*,*,#1048,.T.);
#1602=ORIENTED_EDGE('',*,*,#1114,.F.);
#1603=ORIENTED_EDGE('',*,*,#1115,.F.);
#1604=ORIENTED_EDGE('',*,*,#1116,.F.);
#1605=ORIENTED_EDGE('',*,*,#1117,.T.);
#1606=ORIENTED_EDGE('',*,*,#1111,.F.);
#1607=ORIENTED_EDGE('',*,*,#1116,.T.);
#1608=ORIENTED_EDGE('',*,*,#1118,.T.);
#1609=ORIENTED_EDGE('',*,*,#1119,.F.);
#1610=ORIENTED_EDGE('',*,*,#1120,.F.);
#1611=ORIENTED_EDGE('',*,*,#1117,.F.);
#1612=ORIENTED_EDGE('',*,*,#1120,.T.);
#1613=ORIENTED_EDGE('',*,*,#1121,.F.);
#1614=ORIENTED_EDGE('',*,*,#1112,.F.);
#1615=ORIENTED_EDGE('',*,*,#1047,.T.);
#1616=ORIENTED_EDGE('',*,*,#1122,.F.);
#1617=ORIENTED_EDGE('',*,*,#1123,.F.);
#1618=ORIENTED_EDGE('',*,*,#1114,.T.);
#1619=ORIENTED_EDGE('',*,*,#1115,.T.);
#1620=ORIENTED_EDGE('',*,*,#1123,.T.);
#1621=ORIENTED_EDGE('',*,*,#1124,.F.);
#1622=ORIENTED_EDGE('',*,*,#1118,.F.);
#1623=ORIENTED_EDGE('',*,*,#1050,.T.);
#1624=ORIENTED_EDGE('',*,*,#1113,.T.);
#1625=ORIENTED_EDGE('',*,*,#1121,.T.);
#1626=ORIENTED_EDGE('',*,*,#1119,.T.);
#1627=ORIENTED_EDGE('',*,*,#1124,.T.);
#1628=ORIENTED_EDGE('',*,*,#1122,.T.);
#1629=PLANE('',#1824);
#1630=PLANE('',#1825);
#1631=PLANE('',#1826);
#1632=PLANE('',#1827);
#1633=PLANE('',#1828);
#1634=PLANE('',#1829);
#1635=PLANE('',#1830);
#1636=PLANE('',#1831);
#1637=PLANE('',#1832);
#1638=PLANE('',#1833);
#1639=PLANE('',#1834);
#1640=PLANE('',#1835);
#1641=PLANE('',#1836);
#1642=PLANE('',#1837);
#1643=PLANE('',#1838);
#1644=PLANE('',#1839);
#1645=PLANE('',#1840);
#1646=PLANE('',#1841);
#1647=PLANE('',#1842);
#1648=PLANE('',#1843);
#1649=PLANE('',#1844);
#1650=PLANE('',#1845);
#1651=PLANE('',#1846);
#1652=PLANE('',#1847);
#1653=PLANE('',#1848);
#1654=PLANE('',#1849);
#1655=PLANE('',#1850);
#1656=PLANE('',#1851);
#1657=PLANE('',#1852);
#1658=PLANE('',#1853);
#1659=PLANE('',#1854);
#1660=PLANE('',#1855);
#1661=PLANE('',#1856);
#1662=PLANE('',#1857);
#1663=PLANE('',#1858);
#1664=PLANE('',#1859);
#1665=PLANE('',#1860);
#1666=PLANE('',#1861);
#1667=PLANE('',#1862);
#1668=PLANE('',#1863);
#1669=PLANE('',#1864);
#1670=PLANE('',#1865);
#1671=PLANE('',#1866);
#1672=PLANE('',#1867);
#1673=PLANE('',#1868);
#1674=PLANE('',#1869);
#1675=PLANE('',#1870);
#1676=PLANE('',#1871);
#1677=PLANE('',#1872);
#1678=PLANE('',#1873);
#1679=PLANE('',#1874);
#1680=PLANE('',#1875);
#1681=PLANE('',#1876);
#1682=PLANE('',#1877);
#1683=PLANE('',#1878);
#1684=PLANE('',#1879);
#1685=PLANE('',#1880);
#1686=PLANE('',#1881);
#1687=PLANE('',#1882);
#1688=PLANE('',#1883);
#1689=PLANE('',#1884);
#1690=PLANE('',#1885);
#1691=PLANE('',#1886);
#1692=PLANE('',#1887);
#1693=PLANE('',#1888);
#1694=PLANE('',#1889);
#1695=PLANE('',#1890);
#1696=PLANE('',#1891);
#1697=PLANE('',#1892);
#1698=PLANE('',#1893);
#1699=PLANE('',#1894);
#1700=PLANE('',#1895);
#1701=PLANE('',#1896);
#1702=PLANE('',#1897);
#1703=PLANE('',#1898);
#1704=PLANE('',#1899);
#1705=PLANE('',#1900);
#1706=PLANE('',#1901);
#1707=PLANE('',#1902);
#1708=PLANE('',#1903);
#1709=PLANE('',#1904);
#1710=PLANE('',#1905);
#1711=PLANE('',#1906);
#1712=PLANE('',#1907);
#1713=PLANE('',#1908);
#1714=PLANE('',#1909);
#1715=PLANE('',#1910);
#1716=PLANE('',#1911);
#1717=PLANE('',#1912);
#1718=PLANE('',#1913);
#1719=ADVANCED_FACE('',(#19),#1629,.F.);
#1720=ADVANCED_FACE('',(#20),#1630,.T.);
#1721=ADVANCED_FACE('',(#21),#1631,.T.);
#1722=ADVANCED_FACE('',(#22),#1632,.F.);
#1723=ADVANCED_FACE('',(#23),#1633,.T.);
#1724=ADVANCED_FACE('',(#24),#1634,.T.);
#1725=ADVANCED_FACE('',(#25),#1635,.T.);
#1726=ADVANCED_FACE('',(#26),#1636,.T.);
#1727=ADVANCED_FACE('',(#27),#1637,.T.);
#1728=ADVANCED_FACE('',(#28),#1638,.T.);
#1729=ADVANCED_FACE('',(#29),#1639,.T.);
#1730=ADVANCED_FACE('',(#30),#1640,.T.);
#1731=ADVANCED_FACE('',(#31),#1641,.T.);
#1732=ADVANCED_FACE('',(#32),#1642,.T.);
#1733=ADVANCED_FACE('',(#33),#1643,.T.);
#1734=ADVANCED_FACE('',(#34),#1644,.T.);
#1735=ADVANCED_FACE('',(#35),#1645,.T.);
#1736=ADVANCED_FACE('',(#36),#1646,.T.);
#1737=ADVANCED_FACE('',(#37),#1647,.T.);
#1738=ADVANCED_FACE('',(#38),#1648,.T.);
#1739=ADVANCED_FACE('',(#39),#1649,.T.);
#1740=ADVANCED_FACE('',(#40),#1650,.T.);
#1741=ADVANCED_FACE('',(#41),#1651,.T.);
#1742=ADVANCED_FACE('',(#42),#1652,.T.);
#1743=ADVANCED_FACE('',(#43),#1653,.T.);
#1744=ADVANCED_FACE('',(#44),#1654,.T.);
#1745=ADVANCED_FACE('',(#45),#1655,.F.);
#1746=ADVANCED_FACE('',(#46),#1656,.F.);
#1747=ADVANCED_FACE('',(#47),#1657,.T.);
#1748=ADVANCED_FACE('',(#48),#1658,.T.);
#1749=ADVANCED_FACE('',(#49),#1659,.T.);
#1750=ADVANCED_FACE('',(#50),#1660,.T.);
#1751=ADVANCED_FACE('',(#51),#1661,.T.);
#1752=ADVANCED_FACE('',(#52),#1662,.T.);
#1753=ADVANCED_FACE('',(#53),#1663,.F.);
#1754=ADVANCED_FACE('',(#54),#1664,.F.);
#1755=ADVANCED_FACE('',(#55),#1665,.T.);
#1756=ADVANCED_FACE('',(#56),#1666,.F.);
#1757=ADVANCED_FACE('',(#57),#1667,.T.);
#1758=ADVANCED_FACE('',(#58),#1668,.T.);
#1759=ADVANCED_FACE('',(#59),#1669,.T.);
#1760=ADVANCED_FACE('',(#60),#1670,.T.);
#1761=ADVANCED_FACE('',(#61),#1671,.F.);
#1762=ADVANCED_FACE('',(#62),#1672,.T.);
#1763=ADVANCED_FACE('',(#63),#1673,.T.);
#1764=ADVANCED_FACE('',(#64),#1674,.T.);
#1765=ADVANCED_FACE('',(#65,#13),#1675,.F.);
#1766=ADVANCED_FACE('',(#66),#1676,.T.);
#1767=ADVANCED_FACE('',(#67),#1677,.F.);
#1768=ADVANCED_FACE('',(#68),#1678,.T.);
#1769=ADVANCED_FACE('',(#69),#1679,.F.);
#1770=ADVANCED_FACE('',(#70),#1680,.F.);
#1771=ADVANCED_FACE('',(#71),#1681,.F.);
#1772=ADVANCED_FACE('',(#72),#1682,.F.);
#1773=ADVANCED_FACE('',(#73),#1683,.T.);
#1774=ADVANCED_FACE('',(#74),#1684,.F.);
#1775=ADVANCED_FACE('',(#75),#1685,.T.);
#1776=ADVANCED_FACE('',(#76),#1686,.F.);
#1777=ADVANCED_FACE('',(#77),#1687,.T.);
#1778=ADVANCED_FACE('',(#78),#1688,.F.);
#1779=ADVANCED_FACE('',(#79),#1689,.T.);
#1780=ADVANCED_FACE('',(#80),#1690,.F.);
#1781=ADVANCED_FACE('',(#81),#1691,.F.);
#1782=ADVANCED_FACE('',(#82),#1692,.F.);
#1783=ADVANCED_FACE('',(#83,#14),#1693,.F.);
#1784=ADVANCED_FACE('',(#84),#1694,.T.);
#1785=ADVANCED_FACE('',(#85),#1695,.F.);
#1786=ADVANCED_FACE('',(#86),#1696,.F.);
#1787=ADVANCED_FACE('',(#87),#1697,.F.);
#1788=ADVANCED_FACE('',(#88),#1698,.F.);
#1789=ADVANCED_FACE('',(#89),#1699,.F.);
#1790=ADVANCED_FACE('',(#90),#1700,.F.);
#1791=ADVANCED_FACE('',(#91),#1701,.F.);
#1792=ADVANCED_FACE('',(#92),#1702,.F.);
#1793=ADVANCED_FACE('',(#93),#1703,.F.);
#1794=ADVANCED_FACE('',(#94),#1704,.F.);
#1795=ADVANCED_FACE('',(#95),#1705,.T.);
#1796=ADVANCED_FACE('',(#96),#1706,.T.);
#1797=ADVANCED_FACE('',(#97),#1707,.T.);
#1798=ADVANCED_FACE('',(#98),#1708,.F.);
#1799=ADVANCED_FACE('',(#99),#1709,.F.);
#1800=ADVANCED_FACE('',(#100),#1710,.F.);
#1801=ADVANCED_FACE('',(#101),#1711,.T.);
#1802=ADVANCED_FACE('',(#102),#1712,.T.);
#1803=ADVANCED_FACE('',(#103),#1713,.F.);
#1804=ADVANCED_FACE('',(#104),#1714,.T.);
#1805=ADVANCED_FACE('',(#105),#1715,.T.);
#1806=ADVANCED_FACE('',(#106),#1716,.T.);
#1807=ADVANCED_FACE('',(#107),#1717,.T.);
#1808=ADVANCED_FACE('',(#108),#1718,.T.);
#1809=CLOSED_SHELL('',(#1719,#1720,#1721,#1722,#1723,#1724,#1725,#1726,
#1727,#1728,#1729,#1730,#1731,#1732,#1733,#1734,#1735,#1736,#1737,#1738,
#1739,#1740,#1741,#1742,#1743,#1744));
#1810=CLOSED_SHELL('',(#1745,#1746,#1747,#1748,#1749,#1750,#1751,#1752,
#1753,#1754,#1755,#1756,#1757,#1758,#1759,#1760,#1761,#1762,#1763,#1764,
#1765,#1766,#1767,#1768,#1769,#1770,#1771,#1772,#1773,#1774,#1775,#1776,
#1777,#1778,#1779,#1780,#1781,#1782,#1783,#1784,#1785,#1786,#1787,#1788,
#1789,#1790,#1791,#1792,#1793,#1794,#1795,#1796,#1797,#1798,#1799,#1800,
#1801,#1802,#1803,#1804,#1805,#1806,#1807,#1808));
#1811=DERIVED_UNIT_ELEMENT(#1813,1.);
#1812=DERIVED_UNIT_ELEMENT(#2864,-3.);
#1813=(
MASS_UNIT()
NAMED_UNIT(*)
SI_UNIT(.KILO.,.GRAM.)
);
#1814=DERIVED_UNIT((#1811,#1812));
#1815=MEASURE_REPRESENTATION_ITEM('density measure',
POSITIVE_RATIO_MEASURE(7850.),#1814);
#1816=PROPERTY_DEFINITION_REPRESENTATION(#1821,#1818);
#1817=PROPERTY_DEFINITION_REPRESENTATION(#1822,#1819);
#1818=REPRESENTATION('material name',(#1820),#2861);
#1819=REPRESENTATION('density',(#1815),#2861);
#1820=DESCRIPTIVE_REPRESENTATION_ITEM('Steel','Steel');
#1821=PROPERTY_DEFINITION('material property','material name',#2871);
#1822=PROPERTY_DEFINITION('material property','density of part',#2871);
#1823=AXIS2_PLACEMENT_3D('placement',#2348,#1914,#1915);
#1824=AXIS2_PLACEMENT_3D('',#2349,#1916,#1917);
#1825=AXIS2_PLACEMENT_3D('',#2358,#1922,#1923);
#1826=AXIS2_PLACEMENT_3D('',#2364,#1927,#1928);
#1827=AXIS2_PLACEMENT_3D('',#2370,#1932,#1933);
#1828=AXIS2_PLACEMENT_3D('',#2379,#1938,#1939);
#1829=AXIS2_PLACEMENT_3D('',#2385,#1943,#1944);
#1830=AXIS2_PLACEMENT_3D('',#2393,#1949,#1950);
#1831=AXIS2_PLACEMENT_3D('',#2410,#1960,#1961);
#1832=AXIS2_PLACEMENT_3D('',#2416,#1965,#1966);
#1833=AXIS2_PLACEMENT_3D('',#2418,#1968,#1969);
#1834=AXIS2_PLACEMENT_3D('',#2422,#1972,#1973);
#1835=AXIS2_PLACEMENT_3D('',#2426,#1976,#1977);
#1836=AXIS2_PLACEMENT_3D('',#2430,#1980,#1981);
#1837=AXIS2_PLACEMENT_3D('',#2434,#1984,#1985);
#1838=AXIS2_PLACEMENT_3D('',#2443,#1990,#1991);
#1839=AXIS2_PLACEMENT_3D('',#2449,#1995,#1996);
#1840=AXIS2_PLACEMENT_3D('',#2458,#2001,#2002);
#1841=AXIS2_PLACEMENT_3D('',#2464,#2006,#2007);
#1842=AXIS2_PLACEMENT_3D('',#2471,#2012,#2013);
#1843=AXIS2_PLACEMENT_3D('',#2475,#2016,#2017);
#1844=AXIS2_PLACEMENT_3D('',#2479,#2020,#2021);
#1845=AXIS2_PLACEMENT_3D('',#2481,#2023,#2024);
#1846=AXIS2_PLACEMENT_3D('',#2489,#2030,#2031);
#1847=AXIS2_PLACEMENT_3D('',#2491,#2033,#2034);
#1848=AXIS2_PLACEMENT_3D('',#2493,#2036,#2037);
#1849=AXIS2_PLACEMENT_3D('',#2494,#2038,#2039);
#1850=AXIS2_PLACEMENT_3D('',#2495,#2040,#2041);
#1851=AXIS2_PLACEMENT_3D('',#2504,#2046,#2047);
#1852=AXIS2_PLACEMENT_3D('',#2517,#2054,#2055);
#1853=AXIS2_PLACEMENT_3D('',#2523,#2059,#2060);
#1854=AXIS2_PLACEMENT_3D('',#2529,#2064,#2065);
#1855=AXIS2_PLACEMENT_3D('',#2533,#2068,#2069);
#1856=AXIS2_PLACEMENT_3D('',#2537,#2072,#2073);
#1857=AXIS2_PLACEMENT_3D('',#2539,#2075,#2076);
#1858=AXIS2_PLACEMENT_3D('',#2541,#2078,#2079);
#1859=AXIS2_PLACEMENT_3D('',#2566,#2092,#2093);
#1860=AXIS2_PLACEMENT_3D('',#2583,#2102,#2103);
#1861=AXIS2_PLACEMENT_3D('',#2592,#2108,#2109);
#1862=AXIS2_PLACEMENT_3D('',#2601,#2114,#2115);
#1863=AXIS2_PLACEMENT_3D('',#2604,#2118,#2119);
#1864=AXIS2_PLACEMENT_3D('',#2606,#2121,#2122);
#1865=AXIS2_PLACEMENT_3D('',#2650,#2146,#2147);
#1866=AXIS2_PLACEMENT_3D('',#2663,#2155,#2156);
#1867=AXIS2_PLACEMENT_3D('',#2669,#2160,#2161);
#1868=AXIS2_PLACEMENT_3D('',#2671,#2163,#2164);
#1869=AXIS2_PLACEMENT_3D('',#2673,#2166,#2167);
#1870=AXIS2_PLACEMENT_3D('',#2689,#2176,#2177);
#1871=AXIS2_PLACEMENT_3D('',#2708,#2188,#2189);
#1872=AXIS2_PLACEMENT_3D('',#2712,#2192,#2193);
#1873=AXIS2_PLACEMENT_3D('',#2716,#2196,#2197);
#1874=AXIS2_PLACEMENT_3D('',#2722,#2201,#2202);
#1875=AXIS2_PLACEMENT_3D('',#2724,#2204,#2205);
#1876=AXIS2_PLACEMENT_3D('',#2726,#2207,#2208);
#1877=AXIS2_PLACEMENT_3D('',#2727,#2209,#2210);
#1878=AXIS2_PLACEMENT_3D('',#2733,#2214,#2215);
#1879=AXIS2_PLACEMENT_3D('',#2736,#2218,#2219);
#1880=AXIS2_PLACEMENT_3D('',#2737,#2220,#2221);
#1881=AXIS2_PLACEMENT_3D('',#2746,#2227,#2228);
#1882=AXIS2_PLACEMENT_3D('',#2750,#2231,#2232);
#1883=AXIS2_PLACEMENT_3D('',#2752,#2234,#2235);
#1884=AXIS2_PLACEMENT_3D('',#2753,#2236,#2237);
#1885=AXIS2_PLACEMENT_3D('',#2756,#2240,#2241);
#1886=AXIS2_PLACEMENT_3D('',#2757,#2242,#2243);
#1887=AXIS2_PLACEMENT_3D('',#2758,#2244,#2245);
#1888=AXIS2_PLACEMENT_3D('',#2764,#2249,#2250);
#1889=AXIS2_PLACEMENT_3D('',#2774,#2256,#2257);
#1890=AXIS2_PLACEMENT_3D('',#2776,#2259,#2260);
#1891=AXIS2_PLACEMENT_3D('',#2782,#2264,#2265);
#1892=AXIS2_PLACEMENT_3D('',#2784,#2267,#2268);
#1893=AXIS2_PLACEMENT_3D('',#2788,#2271,#2272);
#1894=AXIS2_PLACEMENT_3D('',#2792,#2275,#2276);
#1895=AXIS2_PLACEMENT_3D('',#2794,#2278,#2279);
#1896=AXIS2_PLACEMENT_3D('',#2798,#2282,#2283);
#1897=AXIS2_PLACEMENT_3D('',#2802,#2286,#2287);
#1898=AXIS2_PLACEMENT_3D('',#2806,#2290,#2291);
#1899=AXIS2_PLACEMENT_3D('',#2810,#2294,#2295);
#1900=AXIS2_PLACEMENT_3D('',#2812,#2297,#2298);
#1901=AXIS2_PLACEMENT_3D('',#2815,#2301,#2302);
#1902=AXIS2_PLACEMENT_3D('',#2817,#2304,#2305);
#1903=AXIS2_PLACEMENT_3D('',#2819,#2307,#2308);
#1904=AXIS2_PLACEMENT_3D('',#2823,#2311,#2312);
#1905=AXIS2_PLACEMENT_3D('',#2827,#2315,#2316);
#1906=AXIS2_PLACEMENT_3D('',#2829,#2318,#2319);
#1907=AXIS2_PLACEMENT_3D('',#2830,#2320,#2321);
#1908=AXIS2_PLACEMENT_3D('',#2836,#2325,#2326);
#1909=AXIS2_PLACEMENT_3D('',#2844,#2331,#2332);
#1910=AXIS2_PLACEMENT_3D('',#2850,#2336,#2337);
#1911=AXIS2_PLACEMENT_3D('',#2852,#2339,#2340);
#1912=AXIS2_PLACEMENT_3D('',#2856,#2343,#2344);
#1913=AXIS2_PLACEMENT_3D('',#2858,#2346,#2347);
#1914=DIRECTION('axis',(0.,0.,1.));
#1915=DIRECTION('refdir',(1.,0.,0.));
#1916=DIRECTION('center_axis',(0.,0.,1.));
#1917=DIRECTION('ref_axis',(0.,-1.,0.));
#1918=DIRECTION('',(1.,0.,0.));
#1919=DIRECTION('',(0.,-1.,0.));
#1920=DIRECTION('',(-1.,0.,0.));
#1921=DIRECTION('',(0.,1.,0.));
#1922=DIRECTION('center_axis',(-1.,0.,0.));
#1923=DIRECTION('ref_axis',(0.,0.,-1.));
#1924=DIRECTION('',(0.,0.,-1.));
#1925=DIRECTION('',(0.,0.,-1.));
#1926=DIRECTION('',(0.,1.,0.));
#1927=DIRECTION('center_axis',(-1.,0.,0.));
#1928=DIRECTION('ref_axis',(0.,0.,-1.));
#1929=DIRECTION('',(0.,0.,-1.));
#1930=DIRECTION('',(0.,-1.,0.));
#1931=DIRECTION('',(0.,0.,-1.));
#1932=DIRECTION('center_axis',(0.,0.,1.));
#1933=DIRECTION('ref_axis',(0.,1.,0.));
#1934=DIRECTION('',(0.,1.,0.));
#1935=DIRECTION('',(1.,0.,0.));
#1936=DIRECTION('',(0.,-1.,0.));
#1937=DIRECTION('',(-1.,0.,0.));
#1938=DIRECTION('center_axis',(1.,0.,0.));
#1939=DIRECTION('ref_axis',(0.,0.,-1.));
#1940=DIRECTION('',(0.,0.,-1.));
#1941=DIRECTION('',(0.,0.,-1.));
#1942=DIRECTION('',(0.,-1.,0.));
#1943=DIRECTION('center_axis',(0.,-1.,0.));
#1944=DIRECTION('ref_axis',(0.,0.,-1.));
#1945=DIRECTION('',(0.,0.,-1.));
#1946=DIRECTION('',(1.,0.,0.));
#1947=DIRECTION('',(0.,0.,-1.));
#1948=DIRECTION('',(-1.,0.,0.));
#1949=DIRECTION('center_axis',(0.,0.,-1.));
#1950=DIRECTION('ref_axis',(-1.,0.,0.));
#1951=DIRECTION('',(-1.,0.,0.));
#1952=DIRECTION('',(0.,-1.,0.));
#1953=DIRECTION('',(-1.,0.,0.));
#1954=DIRECTION('',(0.,1.,0.));
#1955=DIRECTION('',(1.,0.,0.));
#1956=DIRECTION('',(0.,1.,0.));
#1957=DIRECTION('',(1.,0.,0.));
#1958=DIRECTION('',(0.,-1.,0.));
#1959=DIRECTION('',(1.,0.,0.));
#1960=DIRECTION('center_axis',(0.,1.,0.));
#1961=DIRECTION('ref_axis',(0.,0.,1.));
#1962=DIRECTION('',(0.,0.,-1.));
#1963=DIRECTION('',(-1.,0.,0.));
#1964=DIRECTION('',(0.,0.,1.));
#1965=DIRECTION('center_axis',(1.,0.,0.));
#1966=DIRECTION('ref_axis',(0.,0.,1.));
#1967=DIRECTION('',(0.,1.,0.));
#1968=DIRECTION('center_axis',(1.,0.,0.));
#1969=DIRECTION('ref_axis',(0.,-1.,0.));
#1970=DIRECTION('',(0.,-1.,0.));
#1971=DIRECTION('',(0.,0.,-1.));
#1972=DIRECTION('center_axis',(0.,-1.,0.));
#1973=DIRECTION('ref_axis',(0.,0.,-1.));
#1974=DIRECTION('',(1.,0.,0.));
#1975=DIRECTION('',(0.,0.,1.));
#1976=DIRECTION('center_axis',(0.,1.,0.));
#1977=DIRECTION('ref_axis',(0.,0.,1.));
#1978=DIRECTION('',(0.,0.,-1.));
#1979=DIRECTION('',(-1.,0.,0.));
#1980=DIRECTION('center_axis',(-1.,0.,0.));
#1981=DIRECTION('ref_axis',(0.,1.,0.));
#1982=DIRECTION('',(0.,1.,0.));
#1983=DIRECTION('',(0.,0.,1.));
#1984=DIRECTION('center_axis',(0.,0.,1.));
#1985=DIRECTION('ref_axis',(1.,0.,0.));
#1986=DIRECTION('',(-1.77356925468498E-15,1.,0.));
#1987=DIRECTION('',(-1.,0.,0.));
#1988=DIRECTION('',(0.,-1.,0.));
#1989=DIRECTION('',(1.,0.,0.));
#1990=DIRECTION('center_axis',(-1.,0.,0.));
#1991=DIRECTION('ref_axis',(0.,-1.,0.));
#1992=DIRECTION('',(0.,0.,-1.));
#1993=DIRECTION('',(0.,-1.,0.));
#1994=DIRECTION('',(0.,0.,1.));
#1995=DIRECTION('center_axis',(0.,0.,1.));
#1996=DIRECTION('ref_axis',(1.,0.,0.));
#1997=DIRECTION('',(-1.,0.,0.));
#1998=DIRECTION('',(0.,-1.,0.));
#1999=DIRECTION('',(1.,0.,0.));
#2000=DIRECTION('',(0.,1.,0.));
#2001=DIRECTION('center_axis',(-1.,0.,0.));
#2002=DIRECTION('ref_axis',(0.,-1.,0.));
#2003=DIRECTION('',(0.,0.,1.));
#2004=DIRECTION('',(0.,1.,0.));
#2005=DIRECTION('',(0.,0.,1.));
#2006=DIRECTION('center_axis',(0.,-1.,0.));
#2007=DIRECTION('ref_axis',(1.,0.,0.));
#2008=DIRECTION('',(-1.,0.,0.));
#2009=DIRECTION('',(0.,0.,1.));
#2010=DIRECTION('',(-1.,0.,0.));
#2011=DIRECTION('',(0.,0.,-1.));
#2012=DIRECTION('center_axis',(1.,1.77356925468498E-15,0.));
#2013=DIRECTION('ref_axis',(-1.77356925468498E-15,1.,0.));
#2014=DIRECTION('',(0.,0.,-1.));
#2015=DIRECTION('',(-1.77356925468498E-15,1.,0.));
#2016=DIRECTION('center_axis',(1.,0.,0.));
#2017=DIRECTION('ref_axis',(0.,1.,0.));
#2018=DIRECTION('',(0.,-1.,0.));
#2019=DIRECTION('',(0.,0.,-1.));
#2020=DIRECTION('center_axis',(0.,1.,0.));
#2021=DIRECTION('ref_axis',(-1.,0.,0.));
#2022=DIRECTION('',(1.,0.,0.));
#2023=DIRECTION('center_axis',(0.,0.,1.));
#2024=DIRECTION('ref_axis',(1.,0.,0.));
#2025=DIRECTION('',(0.,-1.,0.));
#2026=DIRECTION('',(1.,0.,0.));
#2027=DIRECTION('',(1.,0.,0.));
#2028=DIRECTION('',(0.,1.,0.));
#2029=DIRECTION('',(-1.,0.,0.));
#2030=DIRECTION('center_axis',(0.,1.,0.));
#2031=DIRECTION('ref_axis',(1.,0.,0.));
#2032=DIRECTION('',(0.,0.,-1.));
#2033=DIRECTION('center_axis',(-1.,0.,0.));
#2034=DIRECTION('ref_axis',(0.,1.,0.));
#2035=DIRECTION('',(0.,0.,-1.));
#2036=DIRECTION('center_axis',(0.,-1.,0.));
#2037=DIRECTION('ref_axis',(-1.,0.,0.));
#2038=DIRECTION('center_axis',(1.,0.,0.));
#2039=DIRECTION('ref_axis',(0.,-1.,0.));
#2040=DIRECTION('center_axis',(0.,0.,1.));
#2041=DIRECTION('ref_axis',(1.,0.,0.));
#2042=DIRECTION('',(0.,1.,0.));
#2043=DIRECTION('',(-1.,0.,0.));
#2044=DIRECTION('',(0.,-1.,0.));
#2045=DIRECTION('',(-1.,0.,0.));
#2046=DIRECTION('center_axis',(1.22464679914735E-16,1.,0.));
#2047=DIRECTION('ref_axis',(-1.,1.22464679914735E-16,0.));
#2048=DIRECTION('',(1.,-1.22464679914735E-16,0.));
#2049=DIRECTION('',(3.04951825989959E-16,-3.73458277592744E-32,1.));
#2050=DIRECTION('',(1.,-1.22464679914735E-16,0.));
#2051=DIRECTION('',(-0.638768908242988,7.82266298874624E-17,0.769398649506263));
#2052=DIRECTION('',(0.999980656091676,-1.22462310969194E-16,-0.00621992302701925));
#2053=DIRECTION('',(0.,0.,1.));
#2054=DIRECTION('center_axis',(-1.,1.22464679914735E-16,3.04951825989959E-16));
#2055=DIRECTION('ref_axis',(3.04951825989959E-16,-3.73458277592744E-32,
1.));
#2056=DIRECTION('',(-1.22464679914735E-16,-1.,0.));
#2057=DIRECTION('',(3.04951825989959E-16,-3.73458277592744E-32,1.));
#2058=DIRECTION('',(1.22464679914735E-16,1.,0.));
#2059=DIRECTION('center_axis',(-0.769398649506263,9.42241593386141E-17,
-0.638768908242988));
#2060=DIRECTION('ref_axis',(-0.638768908242988,7.82266298874624E-17,0.769398649506263));
#2061=DIRECTION('',(1.22464679914735E-16,1.,0.));
#2062=DIRECTION('',(-0.638768908242988,7.82266298874624E-17,0.769398649506263));
#2063=DIRECTION('',(1.22464679914735E-16,1.,0.));
#2064=DIRECTION('center_axis',(-0.00621992302701925,7.61720882598205E-19,
-0.999980656091676));
#2065=DIRECTION('ref_axis',(-0.999980656091676,1.22462310969194E-16,0.00621992302701925));
#2066=DIRECTION('',(-0.999980656091676,1.22462310969194E-16,0.00621992302701925));
#2067=DIRECTION('',(1.22464679914735E-16,1.,0.));
#2068=DIRECTION('center_axis',(1.,-1.22464679914735E-16,0.));
#2069=DIRECTION('ref_axis',(0.,0.,-1.));
#2070=DIRECTION('',(1.22464679914735E-16,1.,0.));
#2071=DIRECTION('',(0.,0.,1.));
#2072=DIRECTION('center_axis',(0.,0.,1.));
#2073=DIRECTION('ref_axis',(1.,-1.22464679914735E-16,0.));
#2074=DIRECTION('',(1.,-1.22464679914735E-16,0.));
#2075=DIRECTION('center_axis',(1.22464679914735E-16,1.,0.));
#2076=DIRECTION('ref_axis',(0.,0.,-1.));
#2077=DIRECTION('',(-1.,1.22464679914735E-16,0.));
#2078=DIRECTION('center_axis',(0.,0.,1.));
#2079=DIRECTION('ref_axis',(0.,-1.,0.));
#2080=DIRECTION('',(0.,1.,0.));
#2081=DIRECTION('',(1.,0.,0.));
#2082=DIRECTION('',(0.,-1.,0.));
#2083=DIRECTION('',(1.,0.,0.));
#2084=DIRECTION('',(0.,1.,0.));
#2085=DIRECTION('',(-1.,0.,0.));
#2086=DIRECTION('',(0.,1.,0.));
#2087=DIRECTION('',(-1.,0.,0.));
#2088=DIRECTION('',(0.,-1.,0.));
#2089=DIRECTION('',(-1.,0.,0.));
#2090=DIRECTION('',(0.,1.,0.));
#2091=DIRECTION('',(-1.,0.,0.));
#2092=DIRECTION('center_axis',(0.,0.,1.));
#2093=DIRECTION('ref_axis',(0.,-1.,0.));
#2094=DIRECTION('',(1.,0.,0.));
#2095=DIRECTION('',(0.,1.,0.));
#2096=DIRECTION('',(1.,0.,0.));
#2097=DIRECTION('',(0.,1.,0.));
#2098=DIRECTION('',(-1.,0.,0.));
#2099=DIRECTION('',(0.,-1.,0.));
#2100=DIRECTION('',(-1.,0.,0.));
#2101=DIRECTION('',(0.,1.,0.));
#2102=DIRECTION('center_axis',(0.,0.,1.));
#2103=DIRECTION('ref_axis',(0.,-1.,0.));
#2104=DIRECTION('',(1.,0.,0.));
#2105=DIRECTION('',(0.,1.,0.));
#2106=DIRECTION('',(-1.,0.,0.));
#2107=DIRECTION('',(0.,-1.,0.));
#2108=DIRECTION('center_axis',(0.,0.,1.));
#2109=DIRECTION('ref_axis',(0.,1.,0.));
#2110=DIRECTION('',(0.,1.,0.));
#2111=DIRECTION('',(1.,0.,0.));
#2112=DIRECTION('',(0.,-1.,0.));
#2113=DIRECTION('',(-1.,0.,0.));
#2114=DIRECTION('center_axis',(-1.,0.,0.));
#2115=DIRECTION('ref_axis',(0.,0.,1.));
#2116=DIRECTION('',(0.,0.,1.));
#2117=DIRECTION('',(0.,0.,-1.));
#2118=DIRECTION('center_axis',(0.,1.,0.));
#2119=DIRECTION('ref_axis',(0.,0.,-1.));
#2120=DIRECTION('',(0.,0.,1.));
#2121=DIRECTION('center_axis',(0.,1.,0.));
#2122=DIRECTION('ref_axis',(-1.,0.,0.));
#2123=DIRECTION('',(0.,0.,1.));
#2124=DIRECTION('',(-1.,0.,0.));
#2125=DIRECTION('',(0.,0.,1.));
#2126=DIRECTION('',(-1.,0.,0.));
#2127=DIRECTION('',(0.,0.,-1.));
#2128=DIRECTION('',(-1.,0.,0.));
#2129=DIRECTION('',(0.,0.,1.));
#2130=DIRECTION('',(-1.,0.,0.));
#2131=DIRECTION('',(0.,0.,-1.));
#2132=DIRECTION('',(0.,0.,1.));
#2133=DIRECTION('',(-1.,0.,0.));
#2134=DIRECTION('',(0.,0.,-1.));
#2135=DIRECTION('',(-1.,0.,0.));
#2136=DIRECTION('',(0.,0.,1.));
#2137=DIRECTION('',(-1.,0.,0.));
#2138=DIRECTION('',(0.,0.,-1.));
#2139=DIRECTION('',(-1.,0.,0.));
#2140=DIRECTION('',(0.,0.,1.));
#2141=DIRECTION('',(-1.,0.,0.));
#2142=DIRECTION('',(0.,0.,1.));
#2143=DIRECTION('',(0.,0.,-1.));
#2144=DIRECTION('',(1.,0.,0.));
#2145=DIRECTION('',(0.,0.,1.));
#2146=DIRECTION('center_axis',(-1.,0.,0.));
#2147=DIRECTION('ref_axis',(0.,-1.,0.));
#2148=DIRECTION('',(0.,0.,-1.));
#2149=DIRECTION('',(0.,1.,0.));
#2150=DIRECTION('',(0.,0.,1.));
#2151=DIRECTION('',(0.,0.,-1.));
#2152=DIRECTION('',(0.,1.,0.));
#2153=DIRECTION('',(0.,0.,1.));
#2154=DIRECTION('',(0.,1.,0.));
#2155=DIRECTION('center_axis',(0.,0.,1.));
#2156=DIRECTION('ref_axis',(0.,1.,0.));
#2157=DIRECTION('',(-1.,0.,0.));
#2158=DIRECTION('',(1.,0.,0.));
#2159=DIRECTION('',(0.,-1.,0.));
#2160=DIRECTION('center_axis',(0.,-1.,0.));
#2161=DIRECTION('ref_axis',(0.,0.,1.));
#2162=DIRECTION('',(0.,0.,1.));
#2163=DIRECTION('center_axis',(-1.,0.,0.));
#2164=DIRECTION('ref_axis',(0.,0.,1.));
#2165=DIRECTION('',(0.,0.,1.));
#2166=DIRECTION('center_axis',(0.,-1.,0.));
#2167=DIRECTION('ref_axis',(1.,0.,0.));
#2168=DIRECTION('',(0.,0.,1.));
#2169=DIRECTION('',(1.,0.,0.));
#2170=DIRECTION('',(0.,0.,1.));
#2171=DIRECTION('',(1.,0.,0.));
#2172=DIRECTION('',(0.,0.,1.));
#2173=DIRECTION('',(1.,0.,0.));
#2174=DIRECTION('',(0.,0.,1.));
#2175=DIRECTION('',(1.,0.,0.));
#2176=DIRECTION('center_axis',(0.,0.,1.));
#2177=DIRECTION('ref_axis',(1.,0.,0.));
#2178=DIRECTION('',(0.,-1.,0.));
#2179=DIRECTION('',(-1.,0.,0.));
#2180=DIRECTION('',(0.,1.,0.));
#2181=DIRECTION('',(1.,0.,0.));
#2182=DIRECTION('',(-1.77356925468498E-15,1.,0.));
#2183=DIRECTION('',(0.,1.,0.));
#2184=DIRECTION('',(0.,-1.,0.));
#2185=DIRECTION('',(1.,0.,0.));
#2186=DIRECTION('',(0.,1.,0.));
#2187=DIRECTION('',(-1.,0.,0.));
#2188=DIRECTION('center_axis',(1.,1.77356925468498E-15,0.));
#2189=DIRECTION('ref_axis',(-1.77356925468498E-15,1.,0.));
#2190=DIRECTION('',(0.,0.,-1.));
#2191=DIRECTION('',(-1.77356925468498E-15,1.,0.));
#2192=DIRECTION('center_axis',(0.,0.,1.));
#2193=DIRECTION('ref_axis',(1.,0.,0.));
#2194=DIRECTION('',(1.,0.,0.));
#2195=DIRECTION('',(0.,-1.,0.));
#2196=DIRECTION('center_axis',(0.,0.,-1.));
#2197=DIRECTION('ref_axis',(0.,1.,0.));
#2198=DIRECTION('',(1.,0.,0.));
#2199=DIRECTION('',(0.,-1.,0.));
#2200=DIRECTION('',(0.,1.,0.));
#2201=DIRECTION('center_axis',(1.,0.,0.));
#2202=DIRECTION('ref_axis',(0.,0.,-1.));
#2203=DIRECTION('',(0.,0.,1.));
#2204=DIRECTION('center_axis',(-1.,0.,0.));
#2205=DIRECTION('ref_axis',(0.,0.,1.));
#2206=DIRECTION('',(0.,0.,1.));
#2207=DIRECTION('center_axis',(0.,-1.,0.));
#2208=DIRECTION('ref_axis',(0.,0.,-1.));
#2209=DIRECTION('center_axis',(0.,1.,0.));
#2210=DIRECTION('ref_axis',(0.,0.,1.));
#2211=DIRECTION('',(0.,0.,-1.));
#2212=DIRECTION('',(-1.,0.,0.));
#2213=DIRECTION('',(0.,0.,1.));
#2214=DIRECTION('center_axis',(0.,0.,-1.));
#2215=DIRECTION('ref_axis',(0.,1.,0.));
#2216=DIRECTION('',(0.,-1.,0.));
#2217=DIRECTION('',(0.,1.,0.));
#2218=DIRECTION('center_axis',(-1.,0.,0.));
#2219=DIRECTION('ref_axis',(0.,0.,1.));
#2220=DIRECTION('center_axis',(1.,0.,0.));
#2221=DIRECTION('ref_axis',(0.,1.,0.));
#2222=DIRECTION('',(0.,0.,-1.));
#2223=DIRECTION('',(0.,-1.,0.));
#2224=DIRECTION('',(0.,0.,1.));
#2225=DIRECTION('',(0.,0.,1.));
#2226=DIRECTION('',(0.,1.,0.));
#2227=DIRECTION('center_axis',(0.,-1.,0.));
#2228=DIRECTION('ref_axis',(0.,0.,-1.));
#2229=DIRECTION('',(0.,0.,1.));
#2230=DIRECTION('',(1.,0.,0.));
#2231=DIRECTION('center_axis',(0.,0.,-1.));
#2232=DIRECTION('ref_axis',(0.,1.,0.));
#2233=DIRECTION('',(0.,-1.,0.));
#2234=DIRECTION('center_axis',(-1.,0.,0.));
#2235=DIRECTION('ref_axis',(0.,0.,1.));
#2236=DIRECTION('center_axis',(0.,0.,-1.));
#2237=DIRECTION('ref_axis',(0.,-1.,0.));
#2238=DIRECTION('',(1.,0.,0.));
#2239=DIRECTION('',(-1.,0.,0.));
#2240=DIRECTION('center_axis',(0.,-1.,0.));
#2241=DIRECTION('ref_axis',(0.,0.,1.));
#2242=DIRECTION('center_axis',(0.,1.,0.));
#2243=DIRECTION('ref_axis',(0.,0.,-1.));
#2244=DIRECTION('center_axis',(0.,0.,1.));
#2245=DIRECTION('ref_axis',(1.,0.,0.));
#2246=DIRECTION('',(0.,1.,0.));
#2247=DIRECTION('',(0.,-1.,0.));
#2248=DIRECTION('',(-1.,0.,0.));
#2249=DIRECTION('center_axis',(0.,0.,1.));
#2250=DIRECTION('ref_axis',(1.,0.,0.));
#2251=DIRECTION('',(0.,1.,0.));
#2252=DIRECTION('',(0.,1.,0.));
#2253=DIRECTION('',(1.,0.,0.));
#2254=DIRECTION('',(0.,-1.,0.));
#2255=DIRECTION('',(-1.,0.,0.));
#2256=DIRECTION('center_axis',(-1.,0.,0.));
#2257=DIRECTION('ref_axis',(0.,-1.,0.));
#2258=DIRECTION('',(0.,0.,1.));
#2259=DIRECTION('center_axis',(0.,0.,1.));
#2260=DIRECTION('ref_axis',(1.,0.,0.));
#2261=DIRECTION('',(0.,1.,0.));
#2262=DIRECTION('',(1.,0.,0.));
#2263=DIRECTION('',(0.,-1.,0.));
#2264=DIRECTION('center_axis',(1.,0.,0.));
#2265=DIRECTION('ref_axis',(0.,1.,0.));
#2266=DIRECTION('',(0.,0.,-1.));
#2267=DIRECTION('center_axis',(-1.,0.,0.));
#2268=DIRECTION('ref_axis',(0.,-1.,0.));
#2269=DIRECTION('',(0.,-1.,0.));
#2270=DIRECTION('',(0.,0.,1.));
#2271=DIRECTION('center_axis',(0.,0.,1.));
#2272=DIRECTION('ref_axis',(1.,0.,0.));
#2273=DIRECTION('',(0.,1.,0.));
#2274=DIRECTION('',(1.,0.,0.));
#2275=DIRECTION('center_axis',(1.,0.,0.));
#2276=DIRECTION('ref_axis',(0.,1.,0.));
#2277=DIRECTION('',(0.,0.,-1.));
#2278=DIRECTION('center_axis',(-1.,0.,0.));
#2279=DIRECTION('ref_axis',(0.,-1.,0.));
#2280=DIRECTION('',(0.,-1.,0.));
#2281=DIRECTION('',(0.,0.,1.));
#2282=DIRECTION('center_axis',(0.,0.,1.));
#2283=DIRECTION('ref_axis',(1.,0.,0.));
#2284=DIRECTION('',(0.,1.,0.));
#2285=DIRECTION('',(1.,0.,0.));
#2286=DIRECTION('center_axis',(-1.,0.,0.));
#2287=DIRECTION('ref_axis',(0.,-1.,0.));
#2288=DIRECTION('',(0.,-1.,0.));
#2289=DIRECTION('',(0.,0.,1.));
#2290=DIRECTION('center_axis',(0.,0.,1.));
#2291=DIRECTION('ref_axis',(1.,0.,0.));
#2292=DIRECTION('',(0.,1.,0.));
#2293=DIRECTION('',(1.,0.,0.));
#2294=DIRECTION('center_axis',(1.,0.,0.));
#2295=DIRECTION('ref_axis',(0.,1.,0.));
#2296=DIRECTION('',(0.,0.,-1.));
#2297=DIRECTION('center_axis',(-1.,0.,0.));
#2298=DIRECTION('ref_axis',(0.,-1.,0.));
#2299=DIRECTION('',(0.,0.,1.));
#2300=DIRECTION('',(0.,0.,-1.));
#2301=DIRECTION('center_axis',(0.,1.,0.));
#2302=DIRECTION('ref_axis',(-1.,0.,0.));
#2303=DIRECTION('',(0.,0.,1.));
#2304=DIRECTION('center_axis',(1.,0.,0.));
#2305=DIRECTION('ref_axis',(0.,1.,0.));
#2306=DIRECTION('',(0.,0.,-1.));
#2307=DIRECTION('center_axis',(-1.,0.,0.));
#2308=DIRECTION('ref_axis',(0.,-1.,0.));
#2309=DIRECTION('',(0.,0.,1.));
#2310=DIRECTION('',(0.,-1.,0.));
#2311=DIRECTION('center_axis',(1.,0.,0.));
#2312=DIRECTION('ref_axis',(0.,1.,0.));
#2313=DIRECTION('',(0.,0.,-1.));
#2314=DIRECTION('',(0.,1.,0.));
#2315=DIRECTION('center_axis',(0.,0.,1.));
#2316=DIRECTION('ref_axis',(1.,0.,0.));
#2317=DIRECTION('',(-1.,0.,0.));
#2318=DIRECTION('center_axis',(0.,-1.,0.));
#2319=DIRECTION('ref_axis',(1.,0.,0.));
#2320=DIRECTION('center_axis',(-1.,0.,0.));
#2321=DIRECTION('ref_axis',(0.,0.,-1.));
#2322=DIRECTION('',(0.,0.,1.));
#2323=DIRECTION('',(0.,-1.,0.));
#2324=DIRECTION('',(0.,0.,1.));
#2325=DIRECTION('center_axis',(0.,-1.,0.));
#2326=DIRECTION('ref_axis',(1.,0.,0.));
#2327=DIRECTION('',(-3.04951825989959E-16,0.,1.));
#2328=DIRECTION('',(-1.,0.,0.));
#2329=DIRECTION('',(0.638768908242988,0.,0.769398649506263));
#2330=DIRECTION('',(-0.999980656091676,0.,-0.00621992302701925));
#2331=DIRECTION('center_axis',(0.769398649506263,0.,-0.638768908242988));
#2332=DIRECTION('ref_axis',(0.638768908242988,0.,0.769398649506263));
#2333=DIRECTION('',(0.,-1.,0.));
#2334=DIRECTION('',(0.638768908242988,0.,0.769398649506263));
#2335=DIRECTION('',(0.,-1.,0.));
#2336=DIRECTION('center_axis',(0.00621992302701925,0.,-0.999980656091676));
#2337=DIRECTION('ref_axis',(0.999980656091676,0.,0.00621992302701925));
#2338=DIRECTION('',(0.999980656091676,0.,0.00621992302701925));
#2339=DIRECTION('center_axis',(1.,0.,3.04951825989959E-16));
#2340=DIRECTION('ref_axis',(-3.04951825989959E-16,0.,1.));
#2341=DIRECTION('',(-3.04951825989959E-16,0.,1.));
#2342=DIRECTION('',(0.,-1.,0.));
#2343=DIRECTION('center_axis',(0.,0.,1.));
#2344=DIRECTION('ref_axis',(-1.,0.,0.));
#2345=DIRECTION('',(-1.,0.,0.));
#2346=DIRECTION('center_axis',(0.,-1.,0.));
#2347=DIRECTION('ref_axis',(0.,0.,-1.));
#2348=CARTESIAN_POINT('',(0.,0.,0.));
#2349=CARTESIAN_POINT('Origin',(-51.5000007674139,45.5000006780208,-1.));
#2350=CARTESIAN_POINT('',(-52.0000007748639,30.0000004470708,-1.));
#2351=CARTESIAN_POINT('',(-51.0000007599639,30.0000004470708,-1.));
#2352=CARTESIAN_POINT('',(-51.5000007674139,30.0000004470708,-1.));
#2353=CARTESIAN_POINT('',(-52.0000007748639,61.0000009089708,-1.));
#2354=CARTESIAN_POINT('',(-52.0000007748639,45.5000006780208,-1.));
#2355=CARTESIAN_POINT('',(-51.0000007599639,61.0000009089708,-1.));
#2356=CARTESIAN_POINT('',(-51.5000007674139,61.0000009089708,-1.));
#2357=CARTESIAN_POINT('',(-51.0000007599639,45.5000006780208,-1.));
#2358=CARTESIAN_POINT('Origin',(-51.0000007599639,45.5000006780208,-1.5));
#2359=CARTESIAN_POINT('',(-51.0000007599639,30.0000004470708,-2.));
#2360=CARTESIAN_POINT('',(-51.0000007599639,30.0000004470708,-1.5));
#2361=CARTESIAN_POINT('',(-51.0000007599639,61.0000009089708,-2.));
#2362=CARTESIAN_POINT('',(-51.0000007599639,61.0000009089708,-1.5));
#2363=CARTESIAN_POINT('',(-51.0000007599639,43.7875003390104,-2.));
#2364=CARTESIAN_POINT('Origin',(-52.0000007748639,45.5000006780208,3.5));
#2365=CARTESIAN_POINT('',(-52.0000007748639,30.0000004470708,6.5));
#2366=CARTESIAN_POINT('',(-52.0000007748639,30.0000004470708,3.5));
#2367=CARTESIAN_POINT('',(-52.0000007748639,61.0000009089708,6.5));
#2368=CARTESIAN_POINT('',(-52.0000007748639,43.7875003390104,6.5));
#2369=CARTESIAN_POINT('',(-52.0000007748639,61.0000009089708,3.5));
#2370=CARTESIAN_POINT('Origin',(52.04000038,45.5000006780208,-1.));
#2371=CARTESIAN_POINT('',(51.9999991804361,30.0000004470708,-1.));
#2372=CARTESIAN_POINT('',(51.9999991804361,61.0000009089708,-1.));
#2373=CARTESIAN_POINT('',(51.9999991804361,45.5000006780208,-1.));
#2374=CARTESIAN_POINT('',(51.00000076,30.0000004470708,-1.));
#2375=CARTESIAN_POINT('',(52.04000038,30.0000004470708,-1.));
#2376=CARTESIAN_POINT('',(51.00000076,61.0000009089708,-1.));
#2377=CARTESIAN_POINT('',(51.00000076,45.5000006780208,-1.));
#2378=CARTESIAN_POINT('',(52.04000038,61.0000009089708,-1.));
#2379=CARTESIAN_POINT('Origin',(51.00000076,45.5000006780208,-1.5));
#2380=CARTESIAN_POINT('',(51.00000076,61.0000009089708,-2.));
#2381=CARTESIAN_POINT('',(51.00000076,61.0000009089708,-1.5));
#2382=CARTESIAN_POINT('',(51.00000076,30.0000004470708,-2.));
#2383=CARTESIAN_POINT('',(51.00000076,30.0000004470708,-1.5));
#2384=CARTESIAN_POINT('',(51.00000076,43.7875003390104,-2.));
#2385=CARTESIAN_POINT('Origin',(53.4999992027861,61.0000009089708,3.5));
#2386=CARTESIAN_POINT('',(54.08,61.0000009089708,6.5));
#2387=CARTESIAN_POINT('',(54.08,61.0000009089708,-2.));
#2388=CARTESIAN_POINT('',(54.08,61.0000009089708,1.75));
#2389=CARTESIAN_POINT('',(51.9999991804361,61.0000009089708,6.5));
#2390=CARTESIAN_POINT('',(26.7499996013931,61.0000009089708,6.5));
#2391=CARTESIAN_POINT('',(51.9999991804361,61.0000009089708,3.5));
#2392=CARTESIAN_POINT('',(26.02000019,61.0000009089708,-2.));
#2393=CARTESIAN_POINT('Origin',(0.,42.075,-2.));
#2394=CARTESIAN_POINT('',(-54.08,61.0000009089708,-2.));
#2395=CARTESIAN_POINT('',(-26.7500003986069,61.0000009089708,-2.));
#2396=CARTESIAN_POINT('',(-54.08,86.15,-2.));
#2397=CARTESIAN_POINT('',(-54.08,21.0375,-2.));
#2398=CARTESIAN_POINT('',(54.08,86.15,-2.));
#2399=CARTESIAN_POINT('',(-26.04,86.15,-2.));
#2400=CARTESIAN_POINT('',(54.08,63.1125,-2.));
#2401=CARTESIAN_POINT('',(54.08,30.0000004470708,-2.));
#2402=CARTESIAN_POINT('',(26.02000019,30.0000004470708,-2.));
#2403=CARTESIAN_POINT('',(54.08,-2.00000000000001,-2.));
#2404=CARTESIAN_POINT('',(54.08,63.1125,-2.));
#2405=CARTESIAN_POINT('',(-54.08,-2.,-2.));
#2406=CARTESIAN_POINT('',(26.04,-2.,-2.));
#2407=CARTESIAN_POINT('',(-54.08,30.0000004470708,-2.));
#2408=CARTESIAN_POINT('',(-54.08,21.0375,-2.));
#2409=CARTESIAN_POINT('',(-25.7500003837069,30.0000004470708,-2.));
#2410=CARTESIAN_POINT('Origin',(53.4999992027861,30.0000004470708,3.5));
#2411=CARTESIAN_POINT('',(51.9999991804361,30.0000004470708,6.5));
#2412=CARTESIAN_POINT('',(51.9999991804361,30.0000004470708,3.5));
#2413=CARTESIAN_POINT('',(54.08,30.0000004470708,6.5));
#2414=CARTESIAN_POINT('',(26.7499996013931,30.0000004470708,6.5));
#2415=CARTESIAN_POINT('',(54.08,30.0000004470708,1.75));
#2416=CARTESIAN_POINT('Origin',(51.9999991804361,45.5000006780208,3.5));
#2417=CARTESIAN_POINT('',(51.9999991804361,43.7875003390104,6.5));
#2418=CARTESIAN_POINT('Origin',(54.08,84.15,0.));
#2419=CARTESIAN_POINT('',(54.08,-2.00000000000001,6.5));
#2420=CARTESIAN_POINT('',(54.08,63.1125,6.5));
#2421=CARTESIAN_POINT('',(54.08,-2.,0.));
#2422=CARTESIAN_POINT('Origin',(-53.5000007972139,61.0000009089708,3.5));
#2423=CARTESIAN_POINT('',(-54.08,61.0000009089708,6.5));
#2424=CARTESIAN_POINT('',(-26.7500003986069,61.0000009089708,6.5));
#2425=CARTESIAN_POINT('',(-54.08,61.0000009089708,1.75));
#2426=CARTESIAN_POINT('Origin',(-53.5000007972139,30.0000004470708,3.5));
#2427=CARTESIAN_POINT('',(-54.08,30.0000004470708,6.5));
#2428=CARTESIAN_POINT('',(-54.08,30.0000004470708,1.75));
#2429=CARTESIAN_POINT('',(-26.7500003986069,30.0000004470708,6.5));
#2430=CARTESIAN_POINT('Origin',(-54.08,0.,0.));
#2431=CARTESIAN_POINT('',(-54.08,86.15,6.5));
#2432=CARTESIAN_POINT('',(-54.08,21.0375,6.5));
#2433=CARTESIAN_POINT('',(-54.08,86.15,0.));
#2434=CARTESIAN_POINT('Origin',(-35.4666991780804,83.1500000149012,6.));
#2435=CARTESIAN_POINT('',(-40.4666991780804,82.2500000298023,6.));
#2436=CARTESIAN_POINT('',(-40.4666991780804,86.15,6.));
#2437=CARTESIAN_POINT('',(-40.4666991780804,82.6500000223517,6.));
#2438=CARTESIAN_POINT('',(-30.4666991780804,82.2500000298023,6.));
#2439=CARTESIAN_POINT('',(-32.9666991780804,82.2500000298024,6.));
#2440=CARTESIAN_POINT('',(-30.4666991780804,86.15,6.));
#2441=CARTESIAN_POINT('',(-30.4666991780804,83.6500000074506,6.));
#2442=CARTESIAN_POINT('',(-43.7733495890402,86.15,6.));
#2443=CARTESIAN_POINT('Origin',(-30.4666991780804,84.15,0.));
#2444=CARTESIAN_POINT('',(-30.4666991780804,82.2500000298023,6.5));
#2445=CARTESIAN_POINT('',(-30.4666991780804,82.2500000298023,0.));
#2446=CARTESIAN_POINT('',(-30.4666991780804,86.15,6.5));
#2447=CARTESIAN_POINT('',(-30.4666991780804,80.9921425956665,6.5));
#2448=CARTESIAN_POINT('',(-30.4666991780804,86.15,0.));
#2449=CARTESIAN_POINT('Origin',(0.,42.075,0.));
#2450=CARTESIAN_POINT('',(50.18,82.2500000298023,0.));
#2451=CARTESIAN_POINT('',(-50.18,82.2500000298023,0.));
#2452=CARTESIAN_POINT('',(-15.2333495890402,82.2500000298023,0.));
#2453=CARTESIAN_POINT('',(-50.18,1.90000002980232,0.));
#2454=CARTESIAN_POINT('',(-50.18,22.0375000149012,0.));
#2455=CARTESIAN_POINT('',(50.18,1.90000002980232,0.));
#2456=CARTESIAN_POINT('',(25.04,1.90000002980232,0.));
#2457=CARTESIAN_POINT('',(50.18,62.1125000149012,0.));
#2458=CARTESIAN_POINT('Origin',(50.18,82.1500000298023,0.));
#2459=CARTESIAN_POINT('',(50.18,1.90000002980232,6.5));
#2460=CARTESIAN_POINT('',(50.18,1.90000002980232,0.));
#2461=CARTESIAN_POINT('',(50.18,82.2500000298023,6.5));
#2462=CARTESIAN_POINT('',(50.18,62.1125000149012,6.5));
#2463=CARTESIAN_POINT('',(50.18,82.2500000298023,0.));
#2464=CARTESIAN_POINT('Origin',(-30.4666991780804,82.2500000298023,0.));
#2465=CARTESIAN_POINT('',(-15.2333495890402,82.2500000298023,6.5));
#2466=CARTESIAN_POINT('',(-40.4666991780804,82.2500000298023,6.5));
#2467=CARTESIAN_POINT('',(-40.4666991780804,82.2500000298023,0.));
#2468=CARTESIAN_POINT('',(-50.18,82.2500000298023,6.5));
#2469=CARTESIAN_POINT('',(-15.2333495890402,82.2500000298023,6.5));
#2470=CARTESIAN_POINT('',(-50.18,82.2500000298023,0.));
#2471=CARTESIAN_POINT('Origin',(-40.4666991780804,82.1500000298023,0.));
#2472=CARTESIAN_POINT('',(-40.4666991780804,86.15,6.5));
#2473=CARTESIAN_POINT('',(-40.4666991780804,86.15,0.));
#2474=CARTESIAN_POINT('',(-40.4666991780804,80.9921425956665,6.5));
#2475=CARTESIAN_POINT('Origin',(-50.18,2.00000002980232,0.));
#2476=CARTESIAN_POINT('',(-50.18,1.90000002980232,6.5));
#2477=CARTESIAN_POINT('',(-50.18,22.0375000149012,6.5));
#2478=CARTESIAN_POINT('',(-50.18,1.90000002980232,0.));
#2479=CARTESIAN_POINT('Origin',(50.08,1.90000002980232,0.));
#2480=CARTESIAN_POINT('',(25.04,1.90000002980232,6.5));
#2481=CARTESIAN_POINT('Origin',(0.,42.075,6.5));
#2482=CARTESIAN_POINT('',(54.08,86.15,6.5));
#2483=CARTESIAN_POINT('',(54.08,63.1125,6.5));
#2484=CARTESIAN_POINT('',(-26.04,86.15,6.5));
#2485=CARTESIAN_POINT('',(-26.04,86.15,6.5));
#2486=CARTESIAN_POINT('',(-54.08,-2.,6.5));
#2487=CARTESIAN_POINT('',(-54.08,21.0375,6.5));
#2488=CARTESIAN_POINT('',(26.04,-2.,6.5));
#2489=CARTESIAN_POINT('Origin',(-52.08,86.15,0.));
#2490=CARTESIAN_POINT('',(54.08,86.15,0.));
#2491=CARTESIAN_POINT('Origin',(-54.08,0.,0.));
#2492=CARTESIAN_POINT('',(-54.08,-2.,0.));
#2493=CARTESIAN_POINT('Origin',(52.08,-2.,0.));
#2494=CARTESIAN_POINT('Origin',(54.08,84.15,0.));
#2495=CARTESIAN_POINT('Origin',(0.,42.075,6.5));
#2496=CARTESIAN_POINT('',(-3.60000074505806,-2.,6.5));
#2497=CARTESIAN_POINT('',(-3.60000074505806,2.00000002980232,6.5));
#2498=CARTESIAN_POINT('',(-3.60000074505806,18.5375000149012,6.5));
#2499=CARTESIAN_POINT('',(3.39999925494194,2.00000002980232,6.5));
#2500=CARTESIAN_POINT('',(0.,2.00000002980232,6.5));
#2501=CARTESIAN_POINT('',(3.39999925494194,-2.,6.5));
#2502=CARTESIAN_POINT('',(3.39999925494194,25.2875000149012,6.5));
#2503=CARTESIAN_POINT('',(-26.04,-2.,6.5));
#2504=CARTESIAN_POINT('Origin',(52.3087235854873,30.2922491520643,2.75000000745058));
#2505=CARTESIAN_POINT('',(52.1318582959609,30.2922491520643,6.5));
#2506=CARTESIAN_POINT('',(54.0600119152688,30.2922491520643,6.5));
#2507=CARTESIAN_POINT('',(26.1543617927437,30.2922491520643,6.5));
#2508=CARTESIAN_POINT('',(52.1318582959609,30.2922491520643,-0.913021018893665));
#2509=CARTESIAN_POINT('',(52.1318582959609,30.2922491520643,-0.913021018893665));
#2510=CARTESIAN_POINT('',(51.5574352557059,30.2922491520643,-0.913021018893665));
#2511=CARTESIAN_POINT('',(51.5574352557059,30.2922491520643,-0.913021018893665));
#2512=CARTESIAN_POINT('',(52.2481180321008,30.2922491520643,-1.7449500444582));
#2513=CARTESIAN_POINT('',(52.2481180321008,30.2922491520643,-1.7449500444582));
#2514=CARTESIAN_POINT('',(54.0600119152688,30.2922491520643,-1.75622010295161));
#2515=CARTESIAN_POINT('',(52.2481180321008,30.2922491520643,-1.7449500444582));
#2516=CARTESIAN_POINT('',(54.0600119152688,30.2922491520643,5.00000004097819));
#2517=CARTESIAN_POINT('Origin',(52.1318582959609,30.2922491520643,-0.913021018893665));
#2518=CARTESIAN_POINT('',(52.131858295961,60.6922491520643,6.5));
#2519=CARTESIAN_POINT('',(52.1318582959609,36.1836245760322,6.5));
#2520=CARTESIAN_POINT('',(52.131858295961,60.6922491520643,-0.913021018893665));
#2521=CARTESIAN_POINT('',(52.131858295961,60.6922491520643,-0.913021018893665));
#2522=CARTESIAN_POINT('',(52.1318582959609,30.2922491520643,-0.913021018893665));
#2523=CARTESIAN_POINT('Origin',(52.2481180321008,30.2922491520643,-1.7449500444582));
#2524=CARTESIAN_POINT('',(51.5574352557059,60.6922491520643,-0.913021018893665));
#2525=CARTESIAN_POINT('',(51.5574352557059,30.2922491520643,-0.913021018893665));
#2526=CARTESIAN_POINT('',(52.2481180321008,60.6922491520643,-1.7449500444582));
#2527=CARTESIAN_POINT('',(52.2481180321008,60.6922491520643,-1.7449500444582));
#2528=CARTESIAN_POINT('',(52.2481180321008,30.2922491520643,-1.7449500444582));
#2529=CARTESIAN_POINT('Origin',(53.0600119152688,30.2922491520643,-1.75000005960464));
#2530=CARTESIAN_POINT('',(54.0600119152688,60.6922491520643,-1.75622010295161));
#2531=CARTESIAN_POINT('',(52.2481180321008,60.6922491520643,-1.7449500444582));
#2532=CARTESIAN_POINT('',(54.0600119152688,30.2922491520643,-1.75622010295161));
#2533=CARTESIAN_POINT('Origin',(54.0600119152688,30.2922491520643,7.25000007450581));
#2534=CARTESIAN_POINT('',(54.0600119152688,60.6922491520643,6.5));
#2535=CARTESIAN_POINT('',(54.0600119152688,36.1836245760322,6.5));
#2536=CARTESIAN_POINT('',(54.0600119152688,60.6922491520643,5.00000004097819));
#2537=CARTESIAN_POINT('Origin',(51.5574352557059,30.2922491520643,-0.913021018893665));
#2538=CARTESIAN_POINT('',(51.5574352557059,60.6922491520643,-0.913021018893665));
#2539=CARTESIAN_POINT('Origin',(52.3087235854874,60.6922491520643,2.75000000745058));
#2540=CARTESIAN_POINT('',(26.1543617927437,60.6922491520644,6.5));
#2541=CARTESIAN_POINT('Origin',(0.500000000000007,42.075,23.8));
#2542=CARTESIAN_POINT('',(-50.08,6.00000002980232,23.8));
#2543=CARTESIAN_POINT('',(-50.08,42.075,23.8));
#2544=CARTESIAN_POINT('',(-50.08,2.00000002980232,23.8));
#2545=CARTESIAN_POINT('',(50.08,42.075,23.8));
#2546=CARTESIAN_POINT('',(0.0800000000000001,42.075,23.8));
#2547=CARTESIAN_POINT('',(50.08,6.00000002980232,23.8));
#2548=CARTESIAN_POINT('',(50.08,2.00000002980232,23.8));
#2549=CARTESIAN_POINT('',(47.1500007450581,6.00000002980232,23.8));
#2550=CARTESIAN_POINT('',(48.6500007450581,6.00000002980232,23.8));
#2551=CARTESIAN_POINT('',(47.1500007450581,2.00000002980232,23.8));
#2552=CARTESIAN_POINT('',(47.1500007450581,4.00000002980232,23.8));
#2553=CARTESIAN_POINT('',(40.0000005960536,2.00000002980232,23.8));
#2554=CARTESIAN_POINT('',(0.,2.00000002980232,23.8));
#2555=CARTESIAN_POINT('',(40.0000005960536,10.0000001490023,23.8));
#2556=CARTESIAN_POINT('',(40.0000005960536,6.00000008940232,23.8));
#2557=CARTESIAN_POINT('',(-40.0000005960464,10.0000001490023,23.8));
#2558=CARTESIAN_POINT('',(3.5527136788005E-12,10.0000001490023,23.8));
#2559=CARTESIAN_POINT('',(-40.0000005960464,2.00000002980232,23.8));
#2560=CARTESIAN_POINT('',(-40.0000005960464,6.00000008940232,23.8));
#2561=CARTESIAN_POINT('',(-47.1500007450581,2.00000002980232,23.8));
#2562=CARTESIAN_POINT('',(0.,2.00000002980232,23.8));
#2563=CARTESIAN_POINT('',(-47.1500007450581,6.00000002980232,23.8));
#2564=CARTESIAN_POINT('',(-47.1500007450581,4.00000002980232,23.8));
#2565=CARTESIAN_POINT('',(-48.6500007450581,6.00000002980232,23.8));
#2566=CARTESIAN_POINT('Origin',(0.500000000000007,42.075,23.8));
#2567=CARTESIAN_POINT('',(-50.08,78.3500000298023,23.8));
#2568=CARTESIAN_POINT('',(-47.1500007450581,78.3500000298023,23.8));
#2569=CARTESIAN_POINT('',(-48.6500007450581,78.3500000298023,23.8));
#2570=CARTESIAN_POINT('',(-47.1500007450581,82.1500000298023,23.8));
#2571=CARTESIAN_POINT('',(-47.1500007450581,80.3500000298023,23.8));
#2572=CARTESIAN_POINT('',(47.1500007450581,82.1500000298023,23.8));
#2573=CARTESIAN_POINT('',(50.08,82.1500000298023,23.8));
#2574=CARTESIAN_POINT('',(47.1500007450581,78.3500000298023,23.8));
#2575=CARTESIAN_POINT('',(47.1500007450581,80.3500000298023,23.8));
#2576=CARTESIAN_POINT('',(50.08,78.3500000298023,23.8));
#2577=CARTESIAN_POINT('',(48.6500007450581,78.3500000298023,23.8));
#2578=CARTESIAN_POINT('',(50.08,46.1609698346,23.8));
#2579=CARTESIAN_POINT('',(50.08,2.00000002980232,23.8));
#2580=CARTESIAN_POINT('',(-50.08,46.1609698346,23.8));
#2581=CARTESIAN_POINT('',(0.0800000000000001,46.1609698346,23.8));
#2582=CARTESIAN_POINT('',(-50.08,2.00000002980232,23.8));
#2583=CARTESIAN_POINT('Origin',(0.500000000000007,42.075,25.8));
#2584=CARTESIAN_POINT('',(-54.08,-2.00000000000001,25.8));
#2585=CARTESIAN_POINT('',(54.08,-2.00000000000001,25.8));
#2586=CARTESIAN_POINT('',(0.500000000000007,-2.00000000000001,25.8));
#2587=CARTESIAN_POINT('',(54.08,86.15,25.8));
#2588=CARTESIAN_POINT('',(54.08,42.075,25.8));
#2589=CARTESIAN_POINT('',(-54.08,86.15,25.8));
#2590=CARTESIAN_POINT('',(0.500000000000007,86.15,25.8));
#2591=CARTESIAN_POINT('',(-54.08,42.075,25.8));
#2592=CARTESIAN_POINT('Origin',(48.6500007450581,4.00000002980232,6.8));
#2593=CARTESIAN_POINT('',(50.08,2.00000002980232,6.8));
#2594=CARTESIAN_POINT('',(50.08,6.00000002980232,6.8));
#2595=CARTESIAN_POINT('',(50.08,43.0750000298023,6.8));
#2596=CARTESIAN_POINT('',(47.1500007450581,2.00000002980232,6.8));
#2597=CARTESIAN_POINT('',(49.365000372529,2.00000002980232,6.8));
#2598=CARTESIAN_POINT('',(47.1500007450581,6.00000002980232,6.8));
#2599=CARTESIAN_POINT('',(47.1500007450581,4.00000002980232,6.8));
#2600=CARTESIAN_POINT('',(48.6500007450581,6.00000002980232,6.8));
#2601=CARTESIAN_POINT('Origin',(47.1500007450581,4.00000002980232,15.3));
#2602=CARTESIAN_POINT('',(47.1500007450581,6.00000002980232,15.3));
#2603=CARTESIAN_POINT('',(47.1500007450581,2.00000002980232,10.9));
#2604=CARTESIAN_POINT('Origin',(48.6500007450581,6.00000002980232,15.3));
#2605=CARTESIAN_POINT('',(50.08,6.00000002980233,13.05));
#2606=CARTESIAN_POINT('Origin',(50.08,2.00000002980232,6.5));
#2607=CARTESIAN_POINT('',(50.08,2.00000002980232,6.5));
#2608=CARTESIAN_POINT('',(50.08,2.00000002980232,10.8));
#2609=CARTESIAN_POINT('',(42.3999992549419,2.00000002980232,6.5));
#2610=CARTESIAN_POINT('',(0.,2.00000002980232,6.5));
#2611=CARTESIAN_POINT('',(42.3999992549419,2.00000002980232,20.));
#2612=CARTESIAN_POINT('',(42.3999992549419,2.00000002980232,6.5));
#2613=CARTESIAN_POINT('',(26.3999992549419,2.00000002980232,20.));
#2614=CARTESIAN_POINT('',(42.239999627471,2.00000002980232,20.));
#2615=CARTESIAN_POINT('',(26.3999992549419,2.00000002980232,6.5));
#2616=CARTESIAN_POINT('',(26.3999992549419,2.00000002980232,6.5));
#2617=CARTESIAN_POINT('',(19.3999992549419,2.00000002980232,6.5));
#2618=CARTESIAN_POINT('',(0.,2.00000002980232,6.5));
#2619=CARTESIAN_POINT('',(19.3999992549419,2.00000002980232,20.));
#2620=CARTESIAN_POINT('',(19.3999992549419,2.00000002980232,6.5));
#2621=CARTESIAN_POINT('',(3.39999925494194,2.00000002980232,20.));
#2622=CARTESIAN_POINT('',(30.739999627471,2.00000002980232,20.));
#2623=CARTESIAN_POINT('',(3.39999925494195,2.00000002980232,6.5));
#2624=CARTESIAN_POINT('',(-3.60000074505806,2.00000002980232,20.));
#2625=CARTESIAN_POINT('',(-3.60000074505805,2.00000002980232,6.5));
#2626=CARTESIAN_POINT('',(-19.6000007450581,2.00000002980232,20.));
#2627=CARTESIAN_POINT('',(19.239999627471,2.00000002980232,20.));
#2628=CARTESIAN_POINT('',(-19.6000007450581,2.00000002980232,6.5));
#2629=CARTESIAN_POINT('',(-19.6000007450581,2.00000002980232,6.5));
#2630=CARTESIAN_POINT('',(-26.6000007450581,2.00000002980232,6.5));
#2631=CARTESIAN_POINT('',(0.,2.00000002980232,6.5));
#2632=CARTESIAN_POINT('',(-26.6000007450581,2.00000002980232,20.));
#2633=CARTESIAN_POINT('',(-26.6000007450581,2.00000002980232,6.5));
#2634=CARTESIAN_POINT('',(-42.6000007450581,2.00000002980232,20.));
#2635=CARTESIAN_POINT('',(7.73999962747097,2.00000002980232,20.));
#2636=CARTESIAN_POINT('',(-42.6000007450581,2.00000002980232,6.5));
#2637=CARTESIAN_POINT('',(-42.6000007450581,2.00000002980232,6.5));
#2638=CARTESIAN_POINT('',(-50.08,2.00000002980232,6.5));
#2639=CARTESIAN_POINT('',(0.,2.00000002980232,6.5));
#2640=CARTESIAN_POINT('',(-50.08,2.00000002980232,6.8));
#2641=CARTESIAN_POINT('',(-50.08,2.00000002980232,6.5));
#2642=CARTESIAN_POINT('',(-47.1500007450581,2.00000002980232,6.8));
#2643=CARTESIAN_POINT('',(-48.6500007450581,2.00000002980232,6.8));
#2644=CARTESIAN_POINT('',(-47.1500007450581,2.00000002980232,15.3));
#2645=CARTESIAN_POINT('',(-40.0000005960464,2.00000002980232,20.95));
#2646=CARTESIAN_POINT('',(-40.0000005960464,2.00000002980232,14.4375));
#2647=CARTESIAN_POINT('',(40.0000005960536,2.00000002980232,20.95));
#2648=CARTESIAN_POINT('',(25.0400000000018,2.00000002980232,20.95));
#2649=CARTESIAN_POINT('',(40.0000005960536,2.00000002980232,14.4375));
#2650=CARTESIAN_POINT('Origin',(50.08,82.1500000298023,10.8));
#2651=CARTESIAN_POINT('',(50.08,42.075,22.3));
#2652=CARTESIAN_POINT('',(50.08,42.075,16.925));
#2653=CARTESIAN_POINT('',(50.08,46.1609698346,22.3));
#2654=CARTESIAN_POINT('',(50.08,63.1339924735512,22.3));
#2655=CARTESIAN_POINT('',(50.08,46.1609698346,16.925));
#2656=CARTESIAN_POINT('',(50.08,78.3500000298023,6.8));
#2657=CARTESIAN_POINT('',(50.08,78.3500000298023,13.05));
#2658=CARTESIAN_POINT('',(50.08,82.1500000298023,6.8));
#2659=CARTESIAN_POINT('',(50.08,81.2500000298023,6.8));
#2660=CARTESIAN_POINT('',(50.08,82.1500000298023,6.5));
#2661=CARTESIAN_POINT('',(50.08,82.1500000298023,6.5));
#2662=CARTESIAN_POINT('',(50.08,2.00000002980232,6.5));
#2663=CARTESIAN_POINT('Origin',(48.6500007450581,80.3500000298023,6.8));
#2664=CARTESIAN_POINT('',(47.1500007450581,82.1500000298023,6.8));
#2665=CARTESIAN_POINT('',(-0.714999627470974,82.1500000298023,6.8));
#2666=CARTESIAN_POINT('',(47.1500007450581,78.3500000298023,6.8));
#2667=CARTESIAN_POINT('',(48.6500007450581,78.3500000298023,6.8));
#2668=CARTESIAN_POINT('',(47.1500007450581,80.3500000298023,6.8));
#2669=CARTESIAN_POINT('Origin',(48.6500007450581,78.3500000298023,15.3));
#2670=CARTESIAN_POINT('',(47.1500007450581,78.3500000298023,15.3));
#2671=CARTESIAN_POINT('Origin',(47.1500007450581,80.3500000298023,15.3));
#2672=CARTESIAN_POINT('',(47.1500007450581,82.1500000298023,13.05));
#2673=CARTESIAN_POINT('Origin',(-50.08,82.1500000298023,10.8));
#2674=CARTESIAN_POINT('',(-47.1500007450581,82.1500000298023,6.8));
#2675=CARTESIAN_POINT('',(-47.1500007450581,82.1500000298023,10.9));
#2676=CARTESIAN_POINT('',(-50.08,82.1500000298023,6.8));
#2677=CARTESIAN_POINT('',(-49.365000372529,82.1500000298023,6.8));
#2678=CARTESIAN_POINT('',(-50.08,82.1500000298023,6.5));
#2679=CARTESIAN_POINT('',(-50.08,82.1500000298023,6.5));
#2680=CARTESIAN_POINT('',(-40.4666991780804,82.1500000298023,6.5));
#2681=CARTESIAN_POINT('',(-50.08,82.1500000298023,6.5));
#2682=CARTESIAN_POINT('',(-40.4666991780804,82.1500000298023,10.8));
#2683=CARTESIAN_POINT('',(-40.4666991780804,82.1500000298023,6.5));
#2684=CARTESIAN_POINT('',(-30.4666991780804,82.1500000298023,10.8));
#2685=CARTESIAN_POINT('',(50.08,82.1500000298023,10.8));
#2686=CARTESIAN_POINT('',(-30.4666991780804,82.1500000298023,6.5));
#2687=CARTESIAN_POINT('',(-30.4666991780804,82.1500000298023,6.5));
#2688=CARTESIAN_POINT('',(-50.08,82.1500000298023,6.5));
#2689=CARTESIAN_POINT('Origin',(0.,42.075,6.5));
#2690=CARTESIAN_POINT('',(-42.6000007450581,-2.,6.5));
#2691=CARTESIAN_POINT('',(-42.6000007450581,25.2875000149012,6.5));
#2692=CARTESIAN_POINT('',(-54.08,-2.00000000000001,6.5));
#2693=CARTESIAN_POINT('',(-26.04,-2.,6.5));
#2694=CARTESIAN_POINT('',(-54.08,86.15,6.5));
#2695=CARTESIAN_POINT('',(-54.08,63.1125,6.5));
#2696=CARTESIAN_POINT('',(-40.4666991780804,86.15,6.5));
#2697=CARTESIAN_POINT('',(-20.2333495890402,86.15,6.5));
#2698=CARTESIAN_POINT('',(-40.4666991780804,80.9921425956665,6.5));
#2699=CARTESIAN_POINT('',(-50.08,2.00000002980232,6.5));
#2700=CARTESIAN_POINT('',(-52.1118467755752,60.7000009089708,6.5));
#2701=CARTESIAN_POINT('',(-52.1118467755752,30.3000009089708,6.5));
#2702=CARTESIAN_POINT('',(-52.1118467755752,51.3875004544854,6.5));
#2703=CARTESIAN_POINT('',(-54.0400003948831,60.7000009089708,6.5));
#2704=CARTESIAN_POINT('',(-26.1443560325508,60.7000009089708,6.5));
#2705=CARTESIAN_POINT('',(-54.0400003948831,30.3000009089708,6.5));
#2706=CARTESIAN_POINT('',(-54.0400003948831,51.3875004544854,6.5));
#2707=CARTESIAN_POINT('',(-26.1443560325508,30.3000009089708,6.5));
#2708=CARTESIAN_POINT('Origin',(-40.4666991780804,82.1500000298023,6.5));
#2709=CARTESIAN_POINT('',(-40.4666991780804,86.15,10.8));
#2710=CARTESIAN_POINT('',(-40.4666991780804,86.15,6.5));
#2711=CARTESIAN_POINT('',(-40.4666991780803,62.1125000149011,10.8));
#2712=CARTESIAN_POINT('Origin',(0.,42.075,10.8));
#2713=CARTESIAN_POINT('',(-30.4666991780804,86.15,10.8));
#2714=CARTESIAN_POINT('',(26.04,86.15,10.8));
#2715=CARTESIAN_POINT('',(-30.4666991780804,63.1125,10.8));
#2716=CARTESIAN_POINT('Origin',(3.5527136788005E-12,6.00000008940232,20.95));
#2717=CARTESIAN_POINT('',(-40.0000005960464,10.0000001490023,20.95));
#2718=CARTESIAN_POINT('',(40.0000005960536,10.0000001490023,20.95));
#2719=CARTESIAN_POINT('',(3.5527136788005E-12,10.0000001490023,20.95));
#2720=CARTESIAN_POINT('',(40.0000005960536,6.00000008940232,20.95));
#2721=CARTESIAN_POINT('',(-40.0000005960464,6.00000008940232,20.95));
#2722=CARTESIAN_POINT('Origin',(-40.0000005960464,6.00000008940232,22.375));
#2723=CARTESIAN_POINT('',(-40.0000005960464,10.0000001490023,22.375));
#2724=CARTESIAN_POINT('Origin',(40.0000005960536,6.00000008940232,22.375));
#2725=CARTESIAN_POINT('',(40.0000005960536,10.0000001490023,22.375));
#2726=CARTESIAN_POINT('Origin',(3.5527136788005E-12,10.0000001490023,22.375));
#2727=CARTESIAN_POINT('Origin',(-48.6500007450581,78.3500000298023,15.3));
#2728=CARTESIAN_POINT('',(-50.08,78.3500000298023,6.8));
#2729=CARTESIAN_POINT('',(-50.08,78.3500000298023,10.9));
#2730=CARTESIAN_POINT('',(-47.1500007450581,78.3500000298023,6.8));
#2731=CARTESIAN_POINT('',(-48.6500007450581,78.3500000298023,6.8));
#2732=CARTESIAN_POINT('',(-47.1500007450581,78.3500000298023,15.3));
#2733=CARTESIAN_POINT('Origin',(-48.6500007450581,80.3500000298023,6.8));
#2734=CARTESIAN_POINT('',(-47.1500007450581,80.3500000298023,6.8));
#2735=CARTESIAN_POINT('',(-50.08,41.1750000298023,6.8));
#2736=CARTESIAN_POINT('Origin',(-47.1500007450581,80.3500000298023,15.3));
#2737=CARTESIAN_POINT('Origin',(-50.08,2.00000002980232,10.8));
#2738=CARTESIAN_POINT('',(-50.08,46.1609698346,22.3));
#2739=CARTESIAN_POINT('',(-50.08,46.1609698346,16.925));
#2740=CARTESIAN_POINT('',(-50.08,42.075,22.3));
#2741=CARTESIAN_POINT('',(-50.08,23.0589924735512,22.3));
#2742=CARTESIAN_POINT('',(-50.08,42.075,16.925));
#2743=CARTESIAN_POINT('',(-50.08,6.00000002980232,6.8));
#2744=CARTESIAN_POINT('',(-50.08,6.00000002980232,10.9));
#2745=CARTESIAN_POINT('',(-50.08,3.00000002980232,6.8));
#2746=CARTESIAN_POINT('Origin',(-48.6500007450581,6.00000002980232,15.3));
#2747=CARTESIAN_POINT('',(-47.1500007450581,6.00000002980232,6.8));
#2748=CARTESIAN_POINT('',(-47.1500007450581,6.00000002980232,15.3));
#2749=CARTESIAN_POINT('',(-48.6500007450581,6.00000002980232,6.8));
#2750=CARTESIAN_POINT('Origin',(-48.6500007450581,4.00000002980232,6.8));
#2751=CARTESIAN_POINT('',(-47.1500007450581,4.00000002980232,6.8));
#2752=CARTESIAN_POINT('Origin',(-47.1500007450581,4.00000002980232,15.3));
#2753=CARTESIAN_POINT('Origin',(0.0800000000000001,44.1179849173,22.3));
#2754=CARTESIAN_POINT('',(0.0800000000000001,46.1609698346,22.3));
#2755=CARTESIAN_POINT('',(0.0800000000000001,42.075,22.3));
#2756=CARTESIAN_POINT('Origin',(0.0800000000000001,46.1609698346,23.05));
#2757=CARTESIAN_POINT('Origin',(0.0800000000000001,42.075,23.05));
#2758=CARTESIAN_POINT('Origin',(0.,42.075,6.5));
#2759=CARTESIAN_POINT('',(19.3999992549419,-2.,6.5));
#2760=CARTESIAN_POINT('',(19.3999992549419,18.5375000149012,6.5));
#2761=CARTESIAN_POINT('',(26.3999992549419,-2.,6.5));
#2762=CARTESIAN_POINT('',(26.3999992549419,25.2875000149012,6.5));
#2763=CARTESIAN_POINT('',(-26.04,-2.,6.5));
#2764=CARTESIAN_POINT('Origin',(0.,42.075,6.5));
#2765=CARTESIAN_POINT('',(42.3999992549419,-2.,6.5));
#2766=CARTESIAN_POINT('',(42.3999992549419,18.5375000149012,6.5));
#2767=CARTESIAN_POINT('',(-30.4666991780804,86.15,6.5));
#2768=CARTESIAN_POINT('',(-30.4666991780804,80.9921425956665,6.5));
#2769=CARTESIAN_POINT('',(54.08,86.15,6.5));
#2770=CARTESIAN_POINT('',(26.04,86.15,6.5));
#2771=CARTESIAN_POINT('',(54.08,-2.,6.5));
#2772=CARTESIAN_POINT('',(54.08,21.0375,6.5));
#2773=CARTESIAN_POINT('',(-26.04,-2.,6.5));
#2774=CARTESIAN_POINT('Origin',(-30.4666991780804,84.15,6.5));
#2775=CARTESIAN_POINT('',(-30.4666991780804,86.15,6.5));
#2776=CARTESIAN_POINT('Origin',(-11.6000007450581,1.75000002980232,20.));
#2777=CARTESIAN_POINT('',(-3.60000074505806,-2.,20.));
#2778=CARTESIAN_POINT('',(-3.60000074505806,-4.99999997019768,20.));
#2779=CARTESIAN_POINT('',(-19.6000007450581,-2.,20.));
#2780=CARTESIAN_POINT('',(-31.840000372529,-2.,20.));
#2781=CARTESIAN_POINT('',(-19.6000007450581,8.50000002980232,20.));
#2782=CARTESIAN_POINT('Origin',(-3.60000074505806,-4.99999997019768,6.5));
#2783=CARTESIAN_POINT('',(-3.60000074505805,-2.,8.65));
#2784=CARTESIAN_POINT('Origin',(3.39999925494194,8.50000002980232,6.5));
#2785=CARTESIAN_POINT('',(3.39999925494194,-2.,20.));
#2786=CARTESIAN_POINT('',(3.39999925494194,8.50000002980232,20.));
#2787=CARTESIAN_POINT('',(3.39999925494195,-2.,8.65));
#2788=CARTESIAN_POINT('Origin',(11.3999992549419,1.75000002980232,20.));
#2789=CARTESIAN_POINT('',(19.3999992549419,-2.,20.));
#2790=CARTESIAN_POINT('',(19.3999992549419,-4.99999997019768,20.));
#2791=CARTESIAN_POINT('',(-20.340000372529,-2.,20.));
#2792=CARTESIAN_POINT('Origin',(19.3999992549419,-4.99999997019768,6.5));
#2793=CARTESIAN_POINT('',(19.3999992549419,-2.,8.65));
#2794=CARTESIAN_POINT('Origin',(-42.6000007450581,8.50000002980232,6.5));
#2795=CARTESIAN_POINT('',(-42.6000007450581,-2.,20.));
#2796=CARTESIAN_POINT('',(-42.6000007450581,8.50000002980232,20.));
#2797=CARTESIAN_POINT('',(-42.6000007450581,-2.,8.65));
#2798=CARTESIAN_POINT('Origin',(-34.6000007450581,1.75000002980232,20.));
#2799=CARTESIAN_POINT('',(-26.6000007450581,-2.,20.));
#2800=CARTESIAN_POINT('',(-26.6000007450581,-4.99999997019768,20.));
#2801=CARTESIAN_POINT('',(-43.340000372529,-2.,20.));
#2802=CARTESIAN_POINT('Origin',(26.3999992549419,8.50000002980232,6.5));
#2803=CARTESIAN_POINT('',(26.3999992549419,-2.,20.));
#2804=CARTESIAN_POINT('',(26.3999992549419,8.50000002980232,20.));
#2805=CARTESIAN_POINT('',(26.3999992549419,-2.,8.65));
#2806=CARTESIAN_POINT('Origin',(34.3999992549419,1.75000002980232,20.));
#2807=CARTESIAN_POINT('',(42.3999992549419,-2.,20.));
#2808=CARTESIAN_POINT('',(42.3999992549419,-4.99999997019768,20.));
#2809=CARTESIAN_POINT('',(-8.84000037252903,-2.,20.));
#2810=CARTESIAN_POINT('Origin',(42.3999992549419,-4.99999997019768,6.5));
#2811=CARTESIAN_POINT('',(42.3999992549419,-2.,8.65));
#2812=CARTESIAN_POINT('Origin',(-54.08,84.15,10.8));
#2813=CARTESIAN_POINT('',(-54.08,-2.,10.8));
#2814=CARTESIAN_POINT('',(-54.08,86.15,10.8));
#2815=CARTESIAN_POINT('Origin',(52.08,86.15,10.8));
#2816=CARTESIAN_POINT('',(54.08,86.15,10.8));
#2817=CARTESIAN_POINT('Origin',(54.08,0.,10.8));
#2818=CARTESIAN_POINT('',(54.08,-2.,6.5));
#2819=CARTESIAN_POINT('Origin',(-19.6000007450581,8.50000002980232,6.5));
#2820=CARTESIAN_POINT('',(-19.6000007450581,-2.,6.5));
#2821=CARTESIAN_POINT('',(-19.6000007450581,-2.,6.5));
#2822=CARTESIAN_POINT('',(-19.6000007450581,25.2875000149012,6.5));
#2823=CARTESIAN_POINT('Origin',(-26.6000007450581,-4.99999997019768,6.5));
#2824=CARTESIAN_POINT('',(-26.6000007450581,-2.,6.5));
#2825=CARTESIAN_POINT('',(-26.6000007450581,-2.,6.5));
#2826=CARTESIAN_POINT('',(-26.6000007450581,18.5375000149012,6.5));
#2827=CARTESIAN_POINT('Origin',(0.,42.075,6.5));
#2828=CARTESIAN_POINT('',(-26.04,-2.,6.5));
#2829=CARTESIAN_POINT('Origin',(-52.08,-2.,6.5));
#2830=CARTESIAN_POINT('Origin',(-54.0400003948831,60.7000009089708,7.25000007450581));
#2831=CARTESIAN_POINT('',(-54.0400003948831,60.7000009089708,-1.75622010295161));
#2832=CARTESIAN_POINT('',(-54.0400003948831,60.7000009089708,5.00000004097819));
#2833=CARTESIAN_POINT('',(-54.0400003948831,30.3000009089708,-1.75622010295161));
#2834=CARTESIAN_POINT('',(-54.0400003948831,60.7000009089708,-1.75622010295161));
#2835=CARTESIAN_POINT('',(-54.0400003948831,30.3000009089708,5.00000004097819));
#2836=CARTESIAN_POINT('Origin',(-52.2887120651016,60.7000009089708,2.75000000745058));
#2837=CARTESIAN_POINT('',(-52.1118467755752,60.7000009089708,-0.913021018893665));
#2838=CARTESIAN_POINT('',(-52.1118467755752,60.7000009089708,-0.913021018893665));
#2839=CARTESIAN_POINT('',(-51.5374237353201,60.7000009089708,-0.913021018893665));
#2840=CARTESIAN_POINT('',(-51.5374237353201,60.7000009089708,-0.913021018893665));
#2841=CARTESIAN_POINT('',(-52.2281065117151,60.7000009089708,-1.7449500444582));
#2842=CARTESIAN_POINT('',(-52.2281065117151,60.7000009089708,-1.7449500444582));
#2843=CARTESIAN_POINT('',(-52.2281065117151,60.7000009089708,-1.7449500444582));
#2844=CARTESIAN_POINT('Origin',(-52.2281065117151,60.7000009089708,-1.7449500444582));
#2845=CARTESIAN_POINT('',(-51.5374237353201,30.3000009089708,-0.913021018893665));
#2846=CARTESIAN_POINT('',(-51.5374237353201,60.7000009089708,-0.913021018893665));
#2847=CARTESIAN_POINT('',(-52.2281065117151,30.3000009089708,-1.7449500444582));
#2848=CARTESIAN_POINT('',(-52.2281065117151,30.3000009089708,-1.7449500444582));
#2849=CARTESIAN_POINT('',(-52.2281065117151,60.7000009089708,-1.7449500444582));
#2850=CARTESIAN_POINT('Origin',(-53.0400003948831,60.7000009089708,-1.75000005960464));
#2851=CARTESIAN_POINT('',(-52.2281065117151,30.3000009089708,-1.7449500444582));
#2852=CARTESIAN_POINT('Origin',(-52.1118467755752,60.7000009089708,-0.913021018893665));
#2853=CARTESIAN_POINT('',(-52.1118467755752,30.3000009089708,-0.913021018893665));
#2854=CARTESIAN_POINT('',(-52.1118467755752,30.3000009089708,-0.913021018893665));
#2855=CARTESIAN_POINT('',(-52.1118467755752,60.7000009089708,-0.913021018893665));
#2856=CARTESIAN_POINT('Origin',(-51.5374237353201,60.7000009089708,-0.913021018893665));
#2857=CARTESIAN_POINT('',(-51.5374237353201,30.3000009089708,-0.913021018893665));
#2858=CARTESIAN_POINT('Origin',(-52.2887120651016,30.3000009089708,2.75000000745058));
#2859=UNCERTAINTY_MEASURE_WITH_UNIT(LENGTH_MEASURE(0.01),#2863,
'DISTANCE_ACCURACY_VALUE',
'Maximum model space distance between geometric entities at asserted c
onnectivities');
#2860=UNCERTAINTY_MEASURE_WITH_UNIT(LENGTH_MEASURE(0.01),#2863,
'DISTANCE_ACCURACY_VALUE',
'Maximum model space distance between geometric entities at asserted c
onnectivities');
#2861=(
GEOMETRIC_REPRESENTATION_CONTEXT(3)
GLOBAL_UNCERTAINTY_ASSIGNED_CONTEXT((#2859))
GLOBAL_UNIT_ASSIGNED_CONTEXT((#2863,#2865,#2866))
REPRESENTATION_CONTEXT('','3D')
);
#2862=(
GEOMETRIC_REPRESENTATION_CONTEXT(3)
GLOBAL_UNCERTAINTY_ASSIGNED_CONTEXT((#2860))
GLOBAL_UNIT_ASSIGNED_CONTEXT((#2863,#2865,#2866))
REPRESENTATION_CONTEXT('','3D')
);
#2863=(
LENGTH_UNIT()
NAMED_UNIT(*)
SI_UNIT(.MILLI.,.METRE.)
);
#2864=(
LENGTH_UNIT()
NAMED_UNIT(*)
SI_UNIT($,.METRE.)
);
#2865=(
NAMED_UNIT(*)
PLANE_ANGLE_UNIT()
SI_UNIT($,.RADIAN.)
);
#2866=(
NAMED_UNIT(*)
SI_UNIT($,.STERADIAN.)
SOLID_ANGLE_UNIT()
);
#2867=SHAPE_DEFINITION_REPRESENTATION(#2868,#2869);
#2868=PRODUCT_DEFINITION_SHAPE('',$,#2871);
#2869=SHAPE_REPRESENTATION('',(#1823),#2861);
#2870=PRODUCT_DEFINITION_CONTEXT('part definition',#2875,'design');
#2871=PRODUCT_DEFINITION('ZodiacFX Case','ZodiacFX Case v17',#2872,#2870);
#2872=PRODUCT_DEFINITION_FORMATION('',$,#2877);
#2873=PRODUCT_RELATED_PRODUCT_CATEGORY('ZodiacFX Case v17',
'ZodiacFX Case v17',(#2877));
#2874=APPLICATION_PROTOCOL_DEFINITION('international standard',
'automotive_design',2009,#2875);
#2875=APPLICATION_CONTEXT(
'Core Data for Automotive Mechanical Design Process');
#2876=PRODUCT_CONTEXT('part definition',#2875,'mechanical');
#2877=PRODUCT('ZodiacFX Case','ZodiacFX Case v17',$,(#2876));
#2878=PRESENTATION_STYLE_ASSIGNMENT((#2879));
#2879=SURFACE_STYLE_USAGE(.BOTH.,#2880);
#2880=SURFACE_SIDE_STYLE('',(#2881));
#2881=SURFACE_STYLE_FILL_AREA(#2882);
#2882=FILL_AREA_STYLE('Steel - Satin',(#2883));
#2883=FILL_AREA_STYLE_COLOUR('Steel - Satin',#2884);
#2884=COLOUR_RGB('Steel - Satin',0.627450980392157,0.627450980392157,0.627450980392157);
ENDSEC;
END-ISO-10303-21;
